4/18/2017 5:18:23 PM,8122
4/18/2017 5:18:24 PM,8122
4/18/2017 5:18:25 PM,8122
4/18/2017 5:18:27 PM,8121
4/18/2017 5:18:56 PM,8121
4/18/2017 5:18:57 PM,8121
4/18/2017 5:18:58 PM,8121
4/18/2017 5:18:59 PM,8121
4/18/2017 5:18:59 PM,8121
4/18/2017 5:19:26 PM,8121
4/18/2017 5:19:44 PM,8121
4/18/2017 5:19:44 PM,8121
4/18/2017 5:19:44 PM,8121
4/18/2017 5:19:44 PM,8121
4/18/2017 5:19:44 PM,8121
4/18/2017 5:19:45 PM,8121
4/18/2017 5:19:56 PM,8121
4/18/2017 5:19:57 PM,8121
4/18/2017 5:20:10 PM,8121
4/18/2017 5:20:10 PM,8121
4/18/2017 5:20:20 PM,8121
4/18/2017 5:20:22 PM,8121
4/18/2017 5:20:49 PM,8121
4/18/2017 5:21:24 PM,8121
4/18/2017 5:21:46 PM,8121
4/18/2017 5:21:48 PM,8121
4/18/2017 5:21:57 PM,8121
4/18/2017 5:21:57 PM,8121
4/18/2017 5:21:57 PM,8121
4/18/2017 5:21:57 PM,8121
4/18/2017 5:21:57 PM,8121
4/18/2017 5:21:57 PM,8121
4/18/2017 5:21:57 PM,8121
4/18/2017 5:21:58 PM,8121
4/18/2017 5:21:58 PM,8121
4/18/2017 5:21:59 PM,8121
4/18/2017 5:21:59 PM,8121
4/18/2017 5:21:59 PM,8121
4/18/2017 5:22:00 PM,8121
4/18/2017 5:22:00 PM,8121
4/18/2017 5:22:01 PM,8121
4/18/2017 5:22:02 PM,8121
4/18/2017 5:22:02 PM,8121
4/18/2017 5:22:02 PM,8121
4/18/2017 5:22:02 PM,8121
4/18/2017 5:22:03 PM,8121
4/18/2017 5:22:04 PM,8121
4/18/2017 5:22:05 PM,8121
4/18/2017 5:22:05 PM,8121
4/18/2017 5:22:06 PM,8121
4/18/2017 5:22:06 PM,8121
4/18/2017 5:22:06 PM,8121
4/18/2017 5:22:07 PM,8121
4/18/2017 5:22:07 PM,8121
4/18/2017 5:22:07 PM,8121
4/18/2017 5:22:08 PM,8121
4/18/2017 5:22:08 PM,8121
4/18/2017 5:22:09 PM,8121
4/18/2017 5:22:09 PM,8121
4/18/2017 5:22:09 PM,8121
4/18/2017 5:22:09 PM,8121
4/18/2017 5:22:10 PM,8121
4/18/2017 5:22:10 PM,8121
4/18/2017 5:22:10 PM,8121
4/18/2017 5:22:10 PM,8121
4/18/2017 5:22:10 PM,8121
4/18/2017 5:22:11 PM,8121
4/18/2017 5:22:11 PM,8121
4/18/2017 5:22:11 PM,8121
4/18/2017 5:22:11 PM,8121
4/18/2017 5:22:12 PM,8121
4/18/2017 5:22:12 PM,8121
4/18/2017 5:22:12 PM,8121
4/18/2017 5:22:12 PM,8121
4/18/2017 5:22:12 PM,8121
4/18/2017 5:22:14 PM,8121
4/18/2017 5:22:16 PM,8121
4/18/2017 5:22:17 PM,8121
4/18/2017 5:22:17 PM,8121
4/18/2017 5:22:18 PM,8121
4/18/2017 5:22:21 PM,8121
4/18/2017 5:22:21 PM,8121
4/18/2017 5:22:21 PM,8121
4/18/2017 5:22:22 PM,8121
4/18/2017 5:22:22 PM,8121
4/18/2017 5:22:22 PM,8121
4/18/2017 5:22:22 PM,8121
4/18/2017 5:22:23 PM,8121
4/18/2017 5:22:23 PM,8121
4/18/2017 5:22:26 PM,8121
4/18/2017 5:22:26 PM,8121
4/18/2017 5:22:27 PM,8121
4/18/2017 5:22:27 PM,8121
4/18/2017 5:22:27 PM,8121
4/18/2017 5:22:27 PM,8121
4/18/2017 5:22:27 PM,8121
4/18/2017 5:22:28 PM,8121
4/18/2017 5:22:28 PM,8121
4/18/2017 5:22:28 PM,8121
4/18/2017 5:22:29 PM,8121
4/18/2017 5:22:29 PM,8121
4/18/2017 5:22:30 PM,8121
4/18/2017 5:22:31 PM,8121
4/18/2017 5:22:31 PM,8121
4/18/2017 5:22:31 PM,8121
4/18/2017 5:22:31 PM,8121
4/18/2017 5:22:32 PM,8121
4/18/2017 5:22:32 PM,8121
4/18/2017 5:22:33 PM,8121
4/18/2017 5:22:33 PM,8121
4/18/2017 5:22:33 PM,8121
4/18/2017 5:22:35 PM,8121
4/18/2017 5:22:35 PM,8121
4/18/2017 5:22:35 PM,8121
4/18/2017 5:22:36 PM,8121
4/18/2017 5:22:37 PM,8121
4/18/2017 5:22:38 PM,8121
4/18/2017 5:22:39 PM,8121
4/18/2017 5:22:40 PM,8121
4/18/2017 5:22:43 PM,8121
4/18/2017 5:22:43 PM,8121
4/18/2017 5:22:43 PM,8121
4/18/2017 5:22:44 PM,8121
4/18/2017 5:22:45 PM,8121
4/18/2017 5:22:45 PM,8121
4/18/2017 5:22:45 PM,8121
4/18/2017 5:22:46 PM,8121
4/18/2017 5:22:46 PM,8121
4/18/2017 5:22:47 PM,8121
4/18/2017 5:22:50 PM,8121
4/18/2017 5:22:50 PM,8121
4/18/2017 5:22:51 PM,8121
4/18/2017 5:22:51 PM,8121
4/18/2017 5:22:52 PM,8121
4/18/2017 5:22:54 PM,8121
4/18/2017 5:22:55 PM,8121
4/18/2017 5:22:55 PM,8121
4/18/2017 5:22:55 PM,8121
4/18/2017 5:22:56 PM,8121
4/18/2017 5:22:59 PM,8121
4/18/2017 5:22:59 PM,8121
4/18/2017 5:23:06 PM,8121
4/18/2017 5:23:06 PM,8121
4/18/2017 5:23:07 PM,8121
4/18/2017 5:23:07 PM,8121
4/18/2017 5:23:07 PM,8121
4/18/2017 5:23:16 PM,8121
4/18/2017 5:23:19 PM,8121
4/18/2017 5:23:23 PM,8121
4/18/2017 5:23:23 PM,8121
4/18/2017 5:23:24 PM,8121
4/18/2017 5:23:24 PM,8121
4/18/2017 5:23:26 PM,8121
4/18/2017 5:23:27 PM,8121
4/18/2017 5:23:39 PM,8121
4/18/2017 5:23:50 PM,8121
4/18/2017 5:23:51 PM,8121
4/18/2017 5:23:51 PM,8121
4/18/2017 5:23:51 PM,8121
4/18/2017 5:23:54 PM,8121
4/18/2017 5:23:55 PM,8121
4/18/2017 5:23:56 PM,8121
4/18/2017 5:24:02 PM,8121
4/18/2017 5:24:02 PM,8121
4/18/2017 5:24:03 PM,8121
4/18/2017 5:24:03 PM,8121
4/18/2017 5:24:03 PM,8121
4/18/2017 5:24:13 PM,8121
4/18/2017 5:24:15 PM,8121
4/18/2017 5:24:18 PM,8121
4/18/2017 5:24:19 PM,8121
4/18/2017 5:24:19 PM,8121
4/18/2017 5:24:19 PM,8121
4/18/2017 5:24:21 PM,8121
4/18/2017 5:24:22 PM,8121
4/18/2017 5:24:33 PM,8121
4/18/2017 5:25:06 PM,8121
4/18/2017 5:25:06 PM,8121
4/18/2017 5:25:06 PM,8121
4/18/2017 5:25:06 PM,8121
4/18/2017 5:25:07 PM,8121
4/18/2017 5:25:11 PM,8121
4/18/2017 5:25:11 PM,8121
4/18/2017 5:25:17 PM,8121
4/18/2017 5:25:18 PM,8121
4/18/2017 5:25:18 PM,8121
4/18/2017 5:25:18 PM,8121
4/18/2017 5:25:20 PM,8121
4/18/2017 5:25:24 PM,8121
4/18/2017 5:25:28 PM,8121
4/18/2017 5:25:30 PM,8121
4/18/2017 5:25:33 PM,8121
4/18/2017 5:25:34 PM,8121
4/18/2017 5:25:34 PM,8121
4/18/2017 5:25:34 PM,8121
4/18/2017 5:25:36 PM,8121
4/18/2017 5:25:37 PM,8121
4/18/2017 5:25:52 PM,8121
4/18/2017 5:25:54 PM,8121
4/18/2017 5:26:00 PM,8121
4/18/2017 5:26:00 PM,8121
4/18/2017 5:26:01 PM,8121
4/18/2017 5:26:01 PM,8121
4/18/2017 5:26:05 PM,8121
4/18/2017 5:26:05 PM,8121
4/18/2017 5:26:06 PM,8121
4/18/2017 5:26:07 PM,8121
4/18/2017 5:26:12 PM,8121
4/18/2017 5:26:12 PM,8121
4/18/2017 5:26:13 PM,8121
4/18/2017 5:26:13 PM,8121
4/18/2017 5:26:13 PM,8121
4/18/2017 5:26:14 PM,8121
4/18/2017 5:26:15 PM,8121
4/18/2017 5:26:23 PM,8121
4/18/2017 5:26:25 PM,8121
4/18/2017 5:26:28 PM,8121
4/18/2017 5:26:28 PM,8121
4/18/2017 5:26:28 PM,8121
4/18/2017 5:26:28 PM,8121
4/18/2017 5:26:30 PM,8121
4/18/2017 5:26:31 PM,8121
4/18/2017 5:26:39 PM,8122
4/18/2017 5:26:47 PM,8122
4/18/2017 5:27:20 PM,8122
4/18/2017 5:27:25 PM,8122
4/18/2017 5:27:25 PM,8122
4/18/2017 5:27:26 PM,8122
4/18/2017 5:27:26 PM,8122
4/18/2017 5:27:27 PM,8122
4/18/2017 5:27:30 PM,8122
4/18/2017 5:27:30 PM,8122
4/18/2017 5:27:36 PM,8122
4/18/2017 5:27:37 PM,8122
4/18/2017 5:27:37 PM,8122
4/18/2017 5:27:37 PM,8122
4/18/2017 5:27:37 PM,8122
4/18/2017 5:27:38 PM,8122
4/18/2017 5:27:47 PM,8122
4/18/2017 5:27:50 PM,8122
4/18/2017 5:27:54 PM,8122
4/18/2017 5:27:54 PM,8122
4/18/2017 5:27:55 PM,8122
4/18/2017 5:27:55 PM,8122
4/18/2017 5:27:57 PM,8122
4/18/2017 5:27:58 PM,8122
4/18/2017 5:28:10 PM,8122
4/18/2017 5:28:22 PM,8122
4/18/2017 5:28:23 PM,8122
4/18/2017 5:28:23 PM,8122
4/18/2017 5:28:23 PM,8122
4/18/2017 5:28:27 PM,8122
4/18/2017 5:28:27 PM,8122
4/18/2017 5:28:28 PM,8122
4/18/2017 5:28:34 PM,8122
4/18/2017 5:28:35 PM,8122
4/18/2017 5:28:35 PM,8122
4/18/2017 5:28:36 PM,8122
4/18/2017 5:28:37 PM,8122
4/18/2017 5:28:40 PM,8122
4/18/2017 5:28:41 PM,8122
4/18/2017 5:28:45 PM,8122
4/18/2017 5:28:47 PM,8122
4/18/2017 5:28:51 PM,8122
4/18/2017 5:28:51 PM,8122
4/18/2017 5:28:51 PM,8122
4/18/2017 5:28:51 PM,8122
4/18/2017 5:28:53 PM,8122
4/18/2017 5:28:54 PM,8122
4/18/2017 5:29:17 PM,8122
4/18/2017 5:29:17 PM,8122
4/18/2017 5:29:17 PM,8122
4/18/2017 5:29:17 PM,8122
4/18/2017 5:29:21 PM,8122
4/18/2017 5:29:21 PM,8122
4/18/2017 5:29:23 PM,8123
4/18/2017 5:29:28 PM,8123
4/18/2017 5:29:29 PM,8123
4/18/2017 5:29:29 PM,8123
4/18/2017 5:29:30 PM,8123
4/18/2017 5:29:30 PM,8123
4/18/2017 5:29:30 PM,8123
4/18/2017 5:29:39 PM,8123
4/18/2017 5:29:41 PM,8123
4/18/2017 5:29:46 PM,8123
4/18/2017 5:29:47 PM,8123
4/18/2017 5:29:47 PM,8123
4/18/2017 5:29:47 PM,8123
4/18/2017 5:29:49 PM,8123
4/18/2017 5:29:51 PM,8123
4/18/2017 5:29:51 PM,8122
4/18/2017 5:30:07 PM,8122
4/18/2017 5:30:13 PM,8122
4/18/2017 5:30:13 PM,8122
4/18/2017 5:30:13 PM,8122
4/18/2017 5:30:13 PM,8122
4/18/2017 5:30:18 PM,8122
4/18/2017 5:30:18 PM,8122
4/18/2017 5:30:18 PM,8122
4/18/2017 5:30:19 PM,8122
4/18/2017 5:30:24 PM,8122
4/18/2017 5:30:25 PM,8122
4/18/2017 5:30:25 PM,8122
4/18/2017 5:30:25 PM,8122
4/18/2017 5:30:26 PM,8122
4/18/2017 5:30:34 PM,8122
4/18/2017 5:30:37 PM,8122
4/18/2017 5:30:41 PM,8122
4/18/2017 5:30:41 PM,8122
4/18/2017 5:30:41 PM,8122
4/18/2017 5:30:41 PM,8122
4/18/2017 5:30:41 PM,8122
4/18/2017 5:30:43 PM,8122
4/18/2017 5:30:45 PM,8123
4/18/2017 5:30:45 PM,8123
4/18/2017 5:31:07 PM,8123
4/18/2017 5:31:07 PM,8123
4/18/2017 5:31:08 PM,8123
4/18/2017 5:31:08 PM,8123
4/18/2017 5:31:09 PM,8123
4/18/2017 5:31:10 PM,8122
4/18/2017 5:31:12 PM,8122
4/18/2017 5:31:17 PM,8123
4/18/2017 5:31:18 PM,8123
4/18/2017 5:31:20 PM,8123
4/18/2017 5:31:21 PM,8123
4/18/2017 5:31:21 PM,8123
4/18/2017 5:31:21 PM,8123
4/18/2017 5:31:22 PM,8123
4/18/2017 5:31:32 PM,8123
4/18/2017 5:31:35 PM,8123
4/18/2017 5:31:40 PM,8123
4/18/2017 5:31:40 PM,8123
4/18/2017 5:31:40 PM,8123
4/18/2017 5:31:40 PM,8123
4/18/2017 5:31:42 PM,8123
4/18/2017 5:31:43 PM,8123
4/18/2017 5:32:07 PM,8123
4/18/2017 5:32:07 PM,8123
4/18/2017 5:32:07 PM,8123
4/18/2017 5:32:08 PM,8123
4/18/2017 5:32:09 PM,8123
4/18/2017 5:32:18 PM,8123
4/18/2017 5:32:18 PM,8122
4/18/2017 5:32:19 PM,8122
4/18/2017 5:32:19 PM,8122
4/18/2017 5:32:19 PM,8122
4/18/2017 5:32:20 PM,8122
4/18/2017 5:32:28 PM,8122
4/18/2017 5:32:30 PM,8122
4/18/2017 5:32:34 PM,8122
4/18/2017 5:32:34 PM,8122
4/18/2017 5:32:34 PM,8122
4/18/2017 5:32:34 PM,8122
4/18/2017 5:32:36 PM,8122
4/18/2017 5:32:38 PM,8122
4/18/2017 5:32:55 PM,8123
4/18/2017 5:33:02 PM,8123
4/18/2017 5:33:03 PM,8123
4/18/2017 5:33:03 PM,8123
4/18/2017 5:33:03 PM,8123
4/18/2017 5:33:09 PM,8123
4/18/2017 5:33:13 PM,8123
4/18/2017 5:33:14 PM,8123
4/18/2017 5:33:14 PM,8123
4/18/2017 5:33:14 PM,8123
4/18/2017 5:33:15 PM,8123
4/18/2017 5:33:16 PM,8123
4/18/2017 5:33:20 PM,8123
4/18/2017 5:33:23 PM,8123
4/18/2017 5:33:25 PM,8123
4/18/2017 5:33:28 PM,8123
4/18/2017 5:33:28 PM,8123
4/18/2017 5:33:29 PM,8123
4/18/2017 5:33:29 PM,8123
4/18/2017 5:33:31 PM,8123
4/18/2017 5:33:32 PM,8123
4/18/2017 5:33:56 PM,8123
4/18/2017 5:33:57 PM,8123
4/18/2017 5:33:57 PM,8123
4/18/2017 5:33:57 PM,8123
4/18/2017 5:33:59 PM,8123
4/18/2017 5:34:02 PM,8123
4/18/2017 5:34:04 PM,8123
4/18/2017 5:34:05 PM,8123
4/18/2017 5:34:08 PM,8123
4/18/2017 5:34:08 PM,8123
4/18/2017 5:34:09 PM,8123
4/18/2017 5:34:09 PM,8123
4/18/2017 5:34:09 PM,8123
4/18/2017 5:34:14 PM,8123
4/18/2017 5:34:17 PM,8123
4/18/2017 5:34:17 PM,8123
4/18/2017 5:34:19 PM,8123
4/18/2017 5:34:22 PM,8123
4/18/2017 5:34:22 PM,8123
4/18/2017 5:34:22 PM,8123
4/18/2017 5:34:23 PM,8123
4/18/2017 5:34:24 PM,8123
4/18/2017 5:34:26 PM,8123
4/18/2017 5:34:46 PM,8123
4/18/2017 5:34:48 PM,8123
4/18/2017 5:34:48 PM,8123
4/18/2017 5:34:48 PM,8123
4/18/2017 5:34:48 PM,8123
4/18/2017 5:34:52 PM,8122
4/18/2017 5:34:53 PM,8122
4/18/2017 5:34:59 PM,8122
4/18/2017 5:34:59 PM,8122
4/18/2017 5:34:59 PM,8122
4/18/2017 5:35:00 PM,8122
4/18/2017 5:35:00 PM,8122
4/18/2017 5:35:00 PM,8122
4/18/2017 5:35:09 PM,8122
4/18/2017 5:35:11 PM,8122
4/18/2017 5:35:14 PM,8122
4/18/2017 5:35:15 PM,8122
4/18/2017 5:35:15 PM,8122
4/18/2017 5:35:15 PM,8122
4/18/2017 5:35:17 PM,8122
4/18/2017 5:35:18 PM,8122
4/18/2017 5:35:40 PM,8122
4/18/2017 5:35:41 PM,8122
4/18/2017 5:35:41 PM,8122
4/18/2017 5:35:41 PM,8122
4/18/2017 5:35:50 PM,8122
4/18/2017 5:35:51 PM,8122
4/18/2017 5:35:51 PM,8122
4/18/2017 5:35:53 PM,8122
4/18/2017 5:35:53 PM,8122
4/18/2017 5:35:53 PM,8122
4/18/2017 5:35:54 PM,8122
4/18/2017 5:36:03 PM,8122
4/18/2017 5:36:05 PM,8122
4/18/2017 5:36:08 PM,8122
4/18/2017 5:36:08 PM,8122
4/18/2017 5:36:09 PM,8122
4/18/2017 5:36:09 PM,8122
4/18/2017 5:36:12 PM,8122
4/18/2017 5:36:13 PM,8122
4/18/2017 5:36:37 PM,8122
4/18/2017 5:36:38 PM,8122
4/18/2017 5:36:38 PM,8122
4/18/2017 5:36:38 PM,8122
4/18/2017 5:36:48 PM,8122
4/18/2017 5:36:49 PM,8122
4/18/2017 5:36:49 PM,8122
4/18/2017 5:36:49 PM,8122
4/18/2017 5:36:50 PM,8122
4/18/2017 5:36:50 PM,8122
4/18/2017 5:36:59 PM,8122
4/18/2017 5:37:01 PM,8122
4/18/2017 5:37:05 PM,8122
4/18/2017 5:37:05 PM,8122
4/18/2017 5:37:05 PM,8122
4/18/2017 5:37:05 PM,8122
4/18/2017 5:37:07 PM,8122
4/18/2017 5:37:08 PM,8122
4/18/2017 5:37:29 PM,8122
4/18/2017 5:37:30 PM,8122
4/18/2017 5:37:30 PM,8122
4/18/2017 5:37:30 PM,8122
4/18/2017 5:37:30 PM,8122
4/18/2017 5:37:40 PM,8122
4/18/2017 5:37:40 PM,8122
4/18/2017 5:37:41 PM,8122
4/18/2017 5:37:41 PM,8122
4/18/2017 5:37:45 PM,8122
4/18/2017 5:37:51 PM,8122
4/18/2017 5:37:53 PM,8122
4/18/2017 5:37:56 PM,8122
4/18/2017 5:37:56 PM,8122
4/18/2017 5:37:56 PM,8122
4/18/2017 5:37:56 PM,8122
4/18/2017 5:37:58 PM,8122
4/18/2017 5:37:59 PM,8122
4/18/2017 5:38:08 PM,8122
4/18/2017 5:38:41 PM,8122
4/18/2017 5:38:43 PM,8122
4/18/2017 5:38:54 PM,8122
4/18/2017 5:38:54 PM,8122
4/18/2017 5:38:54 PM,8122
4/18/2017 5:38:54 PM,8122
4/18/2017 5:38:56 PM,8122
4/18/2017 5:38:56 PM,8122
4/18/2017 5:39:00 PM,8122
4/18/2017 5:39:01 PM,8122
4/18/2017 5:39:06 PM,8122
4/18/2017 5:39:07 PM,8122
4/18/2017 5:39:07 PM,8122
4/18/2017 5:39:08 PM,8122
4/18/2017 5:39:09 PM,8122
4/18/2017 5:39:18 PM,8122
4/18/2017 5:39:20 PM,8122
4/18/2017 5:39:24 PM,8122
4/18/2017 5:39:24 PM,8122
4/18/2017 5:39:24 PM,8122
4/18/2017 5:39:24 PM,8122
4/18/2017 5:39:26 PM,8122
4/18/2017 5:39:27 PM,8122
4/18/2017 5:39:51 PM,8122
4/18/2017 5:39:52 PM,8122
4/18/2017 5:39:52 PM,8122
4/18/2017 5:39:52 PM,8122
4/18/2017 5:39:54 PM,8122
4/18/2017 5:39:54 PM,8122
4/18/2017 5:40:00 PM,8123
4/18/2017 5:40:01 PM,8123
4/18/2017 5:40:03 PM,8123
4/18/2017 5:40:04 PM,8123
4/18/2017 5:40:04 PM,8123
4/18/2017 5:40:04 PM,8123
4/18/2017 5:40:05 PM,8123
4/18/2017 5:40:13 PM,8123
4/18/2017 5:40:15 PM,8123
4/18/2017 5:40:18 PM,8123
4/18/2017 5:40:18 PM,8123
4/18/2017 5:40:18 PM,8123
4/18/2017 5:40:18 PM,8123
4/18/2017 5:40:21 PM,8123
4/18/2017 5:40:22 PM,8123
4/18/2017 5:40:45 PM,8123
4/18/2017 5:40:45 PM,8123
4/18/2017 5:40:45 PM,8123
4/18/2017 5:40:45 PM,8123
4/18/2017 5:40:47 PM,8123
4/18/2017 5:40:48 PM,8123
4/18/2017 5:40:51 PM,8123
4/18/2017 5:40:57 PM,8123
4/18/2017 5:40:57 PM,8123
4/18/2017 5:40:57 PM,8123
4/18/2017 5:40:58 PM,8123
4/18/2017 5:41:00 PM,8123
4/18/2017 5:41:06 PM,8123
4/18/2017 5:41:08 PM,8123
4/18/2017 5:41:11 PM,8123
4/18/2017 5:41:11 PM,8123
4/18/2017 5:41:12 PM,8123
4/18/2017 5:41:12 PM,8123
4/18/2017 5:41:13 PM,8123
4/18/2017 5:41:15 PM,8123
4/18/2017 5:41:37 PM,8123
4/18/2017 5:41:38 PM,8123
4/18/2017 5:41:38 PM,8123
4/18/2017 5:41:38 PM,8123
4/18/2017 5:41:39 PM,8123
4/18/2017 5:41:40 PM,8123
4/18/2017 5:41:48 PM,8123
4/18/2017 5:41:49 PM,8123
4/18/2017 5:41:49 PM,8123
4/18/2017 5:41:50 PM,8123
4/18/2017 5:41:50 PM,8123
4/18/2017 5:41:52 PM,8123
4/18/2017 5:41:59 PM,8123
4/18/2017 5:42:01 PM,8123
4/18/2017 5:42:05 PM,8123
4/18/2017 5:42:05 PM,8123
4/18/2017 5:42:05 PM,8123
4/18/2017 5:42:06 PM,8123
4/18/2017 5:42:08 PM,8123
4/18/2017 5:42:09 PM,8123
4/18/2017 5:43:04 PM,8123
4/18/2017 5:43:04 PM,8123
4/18/2017 5:43:04 PM,8123
4/18/2017 5:43:05 PM,8123
4/18/2017 5:43:06 PM,8123
4/18/2017 5:43:06 PM,8123
4/18/2017 5:43:12 PM,8123
4/18/2017 5:43:16 PM,8123
4/18/2017 5:43:16 PM,8123
4/18/2017 5:43:16 PM,8123
4/18/2017 5:43:17 PM,8123
4/18/2017 5:43:19 PM,8123
4/18/2017 5:43:19 PM,8123
4/18/2017 5:43:21 PM,8124
4/18/2017 5:43:27 PM,8124
4/18/2017 5:43:29 PM,8124
4/18/2017 5:43:32 PM,8124
4/18/2017 5:43:32 PM,8124
4/18/2017 5:43:32 PM,8124
4/18/2017 5:43:32 PM,8124
4/18/2017 5:43:34 PM,8124
4/18/2017 5:43:35 PM,8124
4/18/2017 5:43:57 PM,8124
4/18/2017 5:43:57 PM,8124
4/18/2017 5:43:57 PM,8124
4/18/2017 5:43:57 PM,8124
4/18/2017 5:43:59 PM,8124
4/18/2017 5:43:59 PM,8124
4/18/2017 5:44:02 PM,8124
4/18/2017 5:44:03 PM,8124
4/18/2017 5:44:09 PM,8124
4/18/2017 5:44:10 PM,8124
4/18/2017 5:44:10 PM,8124
4/18/2017 5:44:10 PM,8124
4/18/2017 5:44:14 PM,8124
4/18/2017 5:44:21 PM,8124
4/18/2017 5:44:23 PM,8124
4/18/2017 5:44:26 PM,8124
4/18/2017 5:44:26 PM,8124
4/18/2017 5:44:26 PM,8124
4/18/2017 5:44:26 PM,8124
4/18/2017 5:44:28 PM,8124
4/18/2017 5:44:30 PM,8124
4/18/2017 5:44:53 PM,8124
4/18/2017 5:44:53 PM,8124
4/18/2017 5:44:54 PM,8124
4/18/2017 5:44:54 PM,8124
4/18/2017 5:44:55 PM,8124
4/18/2017 5:44:55 PM,8124
4/18/2017 5:45:02 PM,8124
4/18/2017 5:45:04 PM,8124
4/18/2017 5:45:05 PM,8124
4/18/2017 5:45:05 PM,8124
4/18/2017 5:45:05 PM,8124
4/18/2017 5:45:09 PM,8124
4/18/2017 5:45:15 PM,8124
4/18/2017 5:45:17 PM,8124
4/18/2017 5:45:21 PM,8124
4/18/2017 5:45:22 PM,8124
4/18/2017 5:45:22 PM,8124
4/18/2017 5:45:22 PM,8124
4/18/2017 5:45:24 PM,8124
4/18/2017 5:45:26 PM,8124
4/18/2017 5:45:50 PM,8124
4/18/2017 5:45:50 PM,8124
4/18/2017 5:45:50 PM,8124
4/18/2017 5:45:50 PM,8124
4/18/2017 5:45:52 PM,8124
4/18/2017 5:45:52 PM,8124
4/18/2017 5:45:53 PM,8124
4/18/2017 5:46:02 PM,8124
4/18/2017 5:46:02 PM,8124
4/18/2017 5:46:03 PM,8124
4/18/2017 5:46:03 PM,8124
4/18/2017 5:46:04 PM,8124
4/18/2017 5:46:14 PM,8124
4/18/2017 5:46:16 PM,8124
4/18/2017 5:46:19 PM,8124
4/18/2017 5:46:19 PM,8124
4/18/2017 5:46:19 PM,8124
4/18/2017 5:46:19 PM,8124
4/18/2017 5:46:22 PM,8124
4/18/2017 5:46:23 PM,8124
4/18/2017 5:46:44 PM,8124
4/18/2017 5:46:46 PM,8124
4/18/2017 5:46:46 PM,8124
4/18/2017 5:46:46 PM,8124
4/18/2017 5:46:46 PM,8124
4/18/2017 5:46:48 PM,8124
4/18/2017 5:46:48 PM,8124
4/18/2017 5:46:53 PM,8124
4/18/2017 5:46:56 PM,8124
4/18/2017 5:46:57 PM,8124
4/18/2017 5:46:57 PM,8124
4/18/2017 5:46:57 PM,8124
4/18/2017 5:46:58 PM,8124
4/18/2017 5:46:58 PM,8124
4/18/2017 5:47:07 PM,8124
4/18/2017 5:47:09 PM,8124
4/18/2017 5:47:13 PM,8124
4/18/2017 5:47:14 PM,8124
4/18/2017 5:47:14 PM,8124
4/18/2017 5:47:14 PM,8124
4/18/2017 5:47:16 PM,8124
4/18/2017 5:47:18 PM,8124
4/18/2017 5:47:21 PM,8124
4/18/2017 5:47:41 PM,8124
4/18/2017 5:47:41 PM,8124
4/18/2017 5:47:41 PM,8124
4/18/2017 5:47:41 PM,8124
4/18/2017 5:47:43 PM,8124
4/18/2017 5:47:43 PM,8124
4/18/2017 5:47:43 PM,8124
4/18/2017 5:47:46 PM,8124
4/18/2017 5:47:52 PM,8124
4/18/2017 5:47:53 PM,8124
4/18/2017 5:47:53 PM,8124
4/18/2017 5:47:53 PM,8124
4/18/2017 5:47:53 PM,8124
4/18/2017 5:49:13 PM,8124
4/18/2017 5:49:14 PM,8124
4/18/2017 5:50:30 PM,8124
4/18/2017 5:51:07 PM,8124
4/18/2017 5:51:09 PM,8124
4/18/2017 5:52:45 PM,8124
4/18/2017 5:54:11 PM,8125
4/18/2017 5:54:20 PM,8124
4/18/2017 5:55:14 PM,8124
4/18/2017 5:58:04 PM,8125
4/18/2017 6:01:40 PM,8126
4/18/2017 6:01:52 PM,8127
4/18/2017 6:02:18 PM,8127
4/18/2017 6:03:51 PM,8127
4/18/2017 6:06:25 PM,8127
4/18/2017 6:08:20 PM,8127
4/18/2017 6:08:38 PM,8127
4/18/2017 6:09:00 PM,8128
4/18/2017 6:10:05 PM,8129
4/18/2017 6:13:29 PM,8129
4/18/2017 6:13:41 PM,8129
4/18/2017 6:15:02 PM,8130
4/18/2017 6:15:20 PM,8131
4/18/2017 6:18:29 PM,8131
4/18/2017 6:18:44 PM,8131
4/18/2017 6:19:36 PM,8130
4/18/2017 6:20:31 PM,8130
4/18/2017 6:21:26 PM,8130
4/18/2017 6:21:34 PM,8130
4/18/2017 6:21:39 PM,8130
4/18/2017 6:22:37 PM,8130
4/18/2017 6:22:56 PM,8130
4/18/2017 6:23:29 PM,8130
4/18/2017 6:24:10 PM,8130
4/18/2017 6:24:16 PM,8130
4/18/2017 6:24:37 PM,8129
4/18/2017 6:25:01 PM,8129
4/18/2017 6:25:07 PM,8129
4/18/2017 6:26:14 PM,8130
4/18/2017 6:27:06 PM,8130
4/18/2017 6:29:32 PM,8131
4/18/2017 6:30:38 PM,8131
4/18/2017 6:30:49 PM,8131
4/18/2017 6:31:38 PM,8131
4/18/2017 6:31:39 PM,8131
4/18/2017 6:31:39 PM,8131
4/18/2017 6:32:16 PM,8132
4/18/2017 6:33:22 PM,8132
4/18/2017 6:34:09 PM,8132
4/18/2017 6:34:28 PM,8132
4/18/2017 6:35:17 PM,8132
4/18/2017 6:35:35 PM,8133
4/18/2017 6:37:30 PM,8133
4/18/2017 6:37:34 PM,8133
4/18/2017 6:39:38 PM,8133
4/18/2017 6:41:44 PM,8133
4/18/2017 6:42:03 PM,8133
4/18/2017 6:42:09 PM,8133
4/18/2017 6:42:12 PM,8133
4/18/2017 6:42:25 PM,8133
4/18/2017 6:42:53 PM,8133
4/18/2017 6:42:54 PM,8133
4/18/2017 6:43:03 PM,8133
4/18/2017 6:43:19 PM,8133
4/18/2017 6:43:32 PM,8133
4/18/2017 6:44:45 PM,8133
4/18/2017 6:44:52 PM,8133
4/18/2017 6:46:05 PM,8133
4/18/2017 6:46:14 PM,8133
4/18/2017 6:46:24 PM,8133
4/18/2017 6:48:14 PM,8133
4/18/2017 6:48:54 PM,8134
4/18/2017 6:49:11 PM,8134
4/18/2017 6:52:16 PM,8135
4/18/2017 6:54:03 PM,8136
4/18/2017 6:57:59 PM,8137
4/18/2017 6:58:22 PM,8137
4/18/2017 7:18:18 PM,8140
4/18/2017 7:18:44 PM,8140
4/18/2017 7:21:15 PM,8140
4/18/2017 7:21:44 PM,8140
4/18/2017 7:21:55 PM,8141
4/18/2017 7:22:13 PM,8141
4/18/2017 7:22:42 PM,8141
4/18/2017 7:23:16 PM,8142
4/18/2017 7:23:26 PM,8143
4/18/2017 7:23:55 PM,8143
4/18/2017 7:25:15 PM,8144
4/18/2017 7:25:43 PM,8144
4/18/2017 7:25:45 PM,8144
4/18/2017 7:25:45 PM,8144
4/18/2017 7:26:25 PM,8144
4/18/2017 7:26:30 PM,8144
4/18/2017 7:26:40 PM,8145
4/18/2017 7:28:16 PM,8145
4/18/2017 7:30:54 PM,8145
4/18/2017 7:33:05 PM,8145
4/18/2017 7:33:49 PM,8144
4/18/2017 7:34:03 PM,8144
4/18/2017 7:36:17 PM,8144
4/18/2017 7:39:33 PM,8144
4/18/2017 7:40:07 PM,8144
4/18/2017 7:41:31 PM,8145
4/18/2017 7:42:19 PM,8145
4/18/2017 7:42:29 PM,8145
4/18/2017 7:49:18 PM,8146
4/18/2017 7:51:06 PM,8146
4/18/2017 7:51:32 PM,8147
4/18/2017 7:52:27 PM,8147
4/18/2017 7:57:23 PM,8148
4/18/2017 7:57:31 PM,8148
4/18/2017 7:58:07 PM,8149
4/18/2017 7:58:34 PM,8149
4/18/2017 7:59:47 PM,8149
4/18/2017 8:00:29 PM,8149
4/18/2017 8:05:11 PM,8150
4/18/2017 8:05:24 PM,8151
4/18/2017 8:07:41 PM,8150
4/18/2017 8:08:11 PM,8149
4/18/2017 8:12:04 PM,8149
4/18/2017 8:13:32 PM,8150
4/18/2017 8:14:05 PM,8150
4/18/2017 8:15:24 PM,8150
4/18/2017 8:16:26 PM,8150
4/18/2017 8:21:07 PM,8150
4/18/2017 8:22:42 PM,8150
4/18/2017 8:25:01 PM,8150
4/18/2017 8:25:32 PM,8150
4/18/2017 8:28:49 PM,8151
4/18/2017 8:29:51 PM,8151
4/18/2017 8:29:55 PM,8152
4/18/2017 8:30:25 PM,8152
4/18/2017 8:30:59 PM,8152
4/18/2017 8:31:41 PM,8153
4/18/2017 8:32:25 PM,8154
4/18/2017 8:34:54 PM,8154
4/18/2017 8:36:25 PM,8154
4/18/2017 8:36:39 PM,8155
4/18/2017 8:37:59 PM,8155
4/18/2017 8:42:22 PM,8155
4/18/2017 8:42:42 PM,8155
4/18/2017 8:44:04 PM,8155
4/18/2017 8:44:27 PM,8155
4/18/2017 8:46:41 PM,8155
4/18/2017 8:49:53 PM,8155
4/18/2017 8:54:09 PM,8156
4/18/2017 8:56:43 PM,8157
4/18/2017 8:57:34 PM,8157
4/18/2017 8:58:14 PM,8156
4/18/2017 8:58:33 PM,8157
4/18/2017 8:59:59 PM,8157
4/18/2017 9:01:29 PM,8157
4/18/2017 9:01:45 PM,8158
4/18/2017 9:02:25 PM,8158
4/18/2017 9:03:44 PM,8158
4/18/2017 9:04:38 PM,8158
4/18/2017 9:12:31 PM,8158
4/18/2017 9:16:03 PM,8158
4/18/2017 9:18:44 PM,8158
4/18/2017 9:20:51 PM,8157
4/18/2017 9:23:58 PM,8156
4/18/2017 9:24:22 PM,8157
4/18/2017 9:25:45 PM,8157
4/18/2017 9:25:51 PM,8157
4/18/2017 9:26:34 PM,8157
4/18/2017 9:30:20 PM,8157
4/18/2017 9:31:08 PM,8158
4/18/2017 9:31:11 PM,8159
4/18/2017 9:31:52 PM,8159
4/18/2017 9:32:03 PM,8159
4/18/2017 9:33:13 PM,8160
4/18/2017 9:33:21 PM,8160
4/18/2017 9:34:42 PM,8160
4/18/2017 9:45:25 PM,8160
4/18/2017 9:45:55 PM,8160
4/18/2017 9:51:20 PM,8160
4/18/2017 9:52:56 PM,8160
4/18/2017 9:54:57 PM,8161
4/18/2017 9:57:11 PM,8161
4/18/2017 9:57:38 PM,8161
4/18/2017 9:57:55 PM,8161
4/18/2017 9:58:02 PM,8162
4/18/2017 9:59:56 PM,8161
4/18/2017 10:01:20 PM,8160
4/18/2017 10:03:49 PM,8160
4/18/2017 10:08:45 PM,8161
4/18/2017 10:10:50 PM,8161
4/18/2017 10:15:49 PM,8161
4/18/2017 10:15:58 PM,8161
4/18/2017 10:16:54 PM,8161
4/18/2017 10:33:26 PM,8162
4/18/2017 10:34:36 PM,8163
4/18/2017 10:39:41 PM,8163
4/18/2017 10:41:28 PM,8164
4/18/2017 10:42:27 PM,8164
4/18/2017 10:42:55 PM,8164
4/18/2017 10:43:48 PM,8163
4/18/2017 10:45:02 PM,8163
4/18/2017 10:46:56 PM,8163
4/18/2017 10:52:42 PM,8163
4/18/2017 10:55:44 PM,8163
4/18/2017 11:02:18 PM,8163
4/18/2017 11:07:40 PM,8164
4/18/2017 11:12:10 PM,8165
4/18/2017 11:15:34 PM,8165
4/18/2017 11:18:47 PM,8165
4/18/2017 11:21:27 PM,8165
4/18/2017 11:29:46 PM,8166
4/18/2017 11:32:24 PM,8167
4/18/2017 11:33:40 PM,8167
4/18/2017 11:37:01 PM,8167
4/18/2017 11:37:47 PM,8167
4/18/2017 11:39:09 PM,8167
4/18/2017 11:41:00 PM,8166
4/18/2017 11:44:14 PM,8167
4/18/2017 11:44:47 PM,8168
4/18/2017 11:44:50 PM,8168
4/18/2017 11:45:46 PM,8168
4/18/2017 11:47:48 PM,8169
4/18/2017 11:53:15 PM,8169
4/18/2017 11:56:30 PM,8170
4/18/2017 11:58:05 PM,8171
4/19/2017 12:00:00 AM,8172
4/19/2017 12:00:29 AM,8173
4/19/2017 12:00:40 AM,8173
4/19/2017 12:00:50 AM,8173
4/19/2017 12:02:53 AM,8174
4/19/2017 12:07:49 AM,8174
4/19/2017 12:09:51 AM,8174
4/19/2017 12:13:39 AM,8175
4/19/2017 12:17:13 AM,8176
4/19/2017 12:17:34 AM,8177
4/19/2017 12:17:44 AM,8177
4/19/2017 12:17:46 AM,8178
4/19/2017 12:18:15 AM,8178
4/19/2017 12:18:24 AM,8179
4/19/2017 12:22:41 AM,8179
4/19/2017 12:24:18 AM,8179
4/19/2017 12:27:05 AM,8179
4/19/2017 12:28:50 AM,8179
4/19/2017 12:31:39 AM,8179
4/19/2017 12:32:45 AM,8179
4/19/2017 12:36:19 AM,8179
4/19/2017 12:36:47 AM,8180
4/19/2017 12:38:53 AM,8180
4/19/2017 12:40:26 AM,8180
4/19/2017 12:41:05 AM,8180
4/19/2017 12:45:16 AM,8181
4/19/2017 12:45:54 AM,8181
4/19/2017 12:48:21 AM,8181
4/19/2017 12:51:01 AM,8181
4/19/2017 12:51:01 AM,8181
4/19/2017 12:51:35 AM,8182
4/19/2017 12:51:42 AM,8182
4/19/2017 12:55:09 AM,8183
4/19/2017 12:55:24 AM,8184
4/19/2017 12:58:28 AM,8184
4/19/2017 12:59:16 AM,8185
4/19/2017 1:05:37 AM,8186
4/19/2017 1:08:38 AM,8187
4/19/2017 1:10:13 AM,8188
4/19/2017 1:10:14 AM,8189
4/19/2017 1:11:57 AM,8190
4/19/2017 1:15:34 AM,8189
4/19/2017 1:19:39 AM,8189
4/19/2017 1:20:08 AM,8189
4/19/2017 1:24:20 AM,8190
4/19/2017 1:25:25 AM,8191
4/19/2017 1:26:04 AM,8191
4/19/2017 1:28:07 AM,8191
4/19/2017 1:29:18 AM,8191
4/19/2017 1:29:18 AM,8191
4/19/2017 1:31:34 AM,8191
4/19/2017 1:31:57 AM,8192
4/19/2017 1:33:28 AM,8193
4/19/2017 1:33:33 AM,8194
4/19/2017 1:37:51 AM,8194
4/19/2017 1:38:11 AM,8194
4/19/2017 1:40:06 AM,8195
4/19/2017 1:48:59 AM,8196
4/19/2017 1:50:29 AM,8197
4/19/2017 1:52:06 AM,8197
4/19/2017 1:56:05 AM,8197
4/19/2017 1:58:45 AM,8197
4/19/2017 2:04:19 AM,8196
4/19/2017 2:07:14 AM,8197
4/19/2017 2:09:23 AM,8197
4/19/2017 2:11:26 AM,8198
4/19/2017 2:12:10 AM,8199
4/19/2017 2:13:46 AM,8199
4/19/2017 2:13:53 AM,8199
4/19/2017 2:14:34 AM,8199
4/19/2017 2:16:21 AM,8199
4/19/2017 2:17:25 AM,8200
4/19/2017 2:18:33 AM,8200
4/19/2017 2:18:35 AM,8201
4/19/2017 2:19:26 AM,8201
4/19/2017 2:22:05 AM,8202
4/19/2017 2:22:36 AM,8203
4/19/2017 2:24:02 AM,8204
4/19/2017 2:24:48 AM,8204
4/19/2017 2:26:11 AM,8204
4/19/2017 2:26:19 AM,8205
4/19/2017 2:28:40 AM,8206
4/19/2017 2:33:35 AM,8207
4/19/2017 2:40:38 AM,8208
4/19/2017 2:40:58 AM,8208
4/19/2017 2:42:50 AM,8209
4/19/2017 2:44:34 AM,8209
4/19/2017 2:45:10 AM,8209
4/19/2017 2:48:27 AM,8209
4/19/2017 2:50:24 AM,8209
4/19/2017 2:51:46 AM,8210
4/19/2017 2:51:55 AM,8210
4/19/2017 2:52:30 AM,8211
4/19/2017 2:57:24 AM,8211
4/19/2017 2:58:01 AM,8211
4/19/2017 2:58:18 AM,8212
4/19/2017 2:58:36 AM,8212
4/19/2017 3:00:47 AM,8212
4/19/2017 3:01:13 AM,8212
4/19/2017 3:02:16 AM,8212
4/19/2017 3:02:39 AM,8211
4/19/2017 3:05:22 AM,8211
4/19/2017 3:05:44 AM,8211
4/19/2017 3:08:43 AM,8211
4/19/2017 3:09:41 AM,8211
4/19/2017 3:10:23 AM,8211
4/19/2017 3:12:09 AM,8212
4/19/2017 3:12:33 AM,8213
4/19/2017 3:12:45 AM,8212
4/19/2017 3:13:00 AM,8212
4/19/2017 3:15:59 AM,8213
4/19/2017 3:18:24 AM,8214
4/19/2017 3:20:31 AM,8215
4/19/2017 3:21:33 AM,8216
4/19/2017 3:24:35 AM,8216
4/19/2017 3:24:47 AM,8216
4/19/2017 3:25:37 AM,8215
4/19/2017 3:25:57 AM,8216
4/19/2017 3:31:03 AM,8216
4/19/2017 3:32:23 AM,8216
4/19/2017 3:36:06 AM,8216
4/19/2017 3:36:25 AM,8217
4/19/2017 3:39:31 AM,8217
4/19/2017 3:39:36 AM,8217
4/19/2017 3:40:31 AM,8218
4/19/2017 3:41:40 AM,8218
4/19/2017 3:44:14 AM,8218
4/19/2017 3:45:32 AM,8219
4/19/2017 3:48:06 AM,8219
4/19/2017 3:49:47 AM,8220
4/19/2017 3:50:22 AM,8220
4/19/2017 3:55:09 AM,8220
4/19/2017 3:55:09 AM,8220
4/19/2017 3:55:09 AM,8220
4/19/2017 3:55:09 AM,8220
4/19/2017 3:55:09 AM,8220
4/19/2017 3:55:09 AM,8220
4/19/2017 3:55:09 AM,8220
4/19/2017 3:55:09 AM,8220
4/19/2017 3:55:09 AM,8220
4/19/2017 3:55:09 AM,8220
4/19/2017 3:55:09 AM,8220
4/19/2017 3:55:09 AM,8220
4/19/2017 3:55:09 AM,8220
4/19/2017 3:55:09 AM,8220
4/19/2017 3:55:09 AM,8220
4/19/2017 3:55:09 AM,8220
4/19/2017 3:55:09 AM,8220
4/19/2017 3:55:09 AM,8220
4/19/2017 3:55:09 AM,8220
4/19/2017 3:55:09 AM,8220
4/19/2017 3:55:09 AM,8220
4/19/2017 3:55:09 AM,8220
4/19/2017 3:55:09 AM,8220
4/19/2017 3:55:09 AM,8220
4/19/2017 3:55:09 AM,8220
4/19/2017 3:55:09 AM,8220
4/19/2017 3:55:09 AM,8220
4/19/2017 3:55:09 AM,8220
4/19/2017 3:55:09 AM,8220
4/19/2017 3:55:09 AM,8220
4/19/2017 3:55:09 AM,8220
4/19/2017 3:55:09 AM,8220
4/19/2017 3:55:09 AM,8220
4/19/2017 3:55:09 AM,8220
4/19/2017 3:55:09 AM,8220
4/19/2017 3:55:09 AM,8220
4/19/2017 3:55:09 AM,8220
4/19/2017 3:55:09 AM,8220
4/19/2017 3:55:09 AM,8220
4/19/2017 3:55:09 AM,8220
4/19/2017 3:55:09 AM,8220
4/19/2017 3:55:09 AM,8220
4/19/2017 3:55:09 AM,8220
4/19/2017 3:55:09 AM,8220
4/19/2017 3:55:09 AM,8220
4/19/2017 3:55:09 AM,8220
4/19/2017 3:55:09 AM,8220
4/19/2017 3:55:09 AM,8220
4/19/2017 3:55:09 AM,8220
4/19/2017 3:55:09 AM,8220
4/19/2017 3:55:09 AM,8220
4/19/2017 3:55:09 AM,8220
4/19/2017 3:55:09 AM,8220
4/19/2017 3:55:09 AM,8220
4/19/2017 3:55:09 AM,8220
4/19/2017 3:55:09 AM,8220
4/19/2017 3:55:09 AM,8220
4/19/2017 3:55:09 AM,8220
4/19/2017 3:55:09 AM,8220
4/19/2017 3:55:09 AM,8220
4/19/2017 3:55:09 AM,8220
4/19/2017 3:55:09 AM,8220
4/19/2017 3:55:09 AM,8220
4/19/2017 3:55:09 AM,8220
4/19/2017 3:55:09 AM,8220
4/19/2017 3:55:09 AM,8220
4/19/2017 3:55:09 AM,8220
4/19/2017 3:55:09 AM,8220
4/19/2017 3:55:09 AM,8220
4/19/2017 3:55:09 AM,8220
4/19/2017 3:55:09 AM,8220
4/19/2017 3:55:09 AM,8220
4/19/2017 3:55:09 AM,8220
4/19/2017 3:55:09 AM,8220
4/19/2017 3:55:09 AM,8220
4/19/2017 3:55:09 AM,8220
4/19/2017 3:55:09 AM,8220
4/19/2017 3:55:09 AM,8220
4/19/2017 3:55:09 AM,8220
4/19/2017 3:55:09 AM,8220
4/19/2017 3:55:09 AM,8220
4/19/2017 3:55:09 AM,8220
4/19/2017 3:55:09 AM,8220
4/19/2017 3:55:09 AM,8220
4/19/2017 3:55:09 AM,8220
4/19/2017 3:55:09 AM,8220
4/19/2017 3:55:09 AM,8220
4/19/2017 3:55:09 AM,8220
4/19/2017 3:55:09 AM,8220
4/19/2017 3:55:09 AM,8220
4/19/2017 3:55:09 AM,8220
4/19/2017 3:55:10 AM,8220
4/19/2017 3:55:10 AM,8220
4/19/2017 3:55:10 AM,8220
4/19/2017 3:55:10 AM,8220
4/19/2017 3:55:10 AM,8220
4/19/2017 3:55:10 AM,8220
4/19/2017 3:55:10 AM,8220
4/19/2017 3:55:10 AM,8220
4/19/2017 3:55:10 AM,8220
4/19/2017 3:55:10 AM,8220
4/19/2017 3:55:10 AM,8220
4/19/2017 3:55:10 AM,8220
4/19/2017 3:55:10 AM,8220
4/19/2017 3:55:10 AM,8220
4/19/2017 3:55:10 AM,8220
4/19/2017 3:55:10 AM,8220
4/19/2017 3:55:10 AM,8220
4/19/2017 3:55:10 AM,8220
4/19/2017 3:55:10 AM,8220
4/19/2017 3:55:10 AM,8220
4/19/2017 3:55:10 AM,8220
4/19/2017 3:55:10 AM,8220
4/19/2017 3:55:10 AM,8220
4/19/2017 3:55:10 AM,8220
4/19/2017 3:55:10 AM,8220
4/19/2017 3:55:10 AM,8220
4/19/2017 3:55:10 AM,8220
4/19/2017 3:55:10 AM,8220
4/19/2017 3:55:10 AM,8220
4/19/2017 3:55:10 AM,8220
4/19/2017 3:55:10 AM,8220
4/19/2017 3:55:10 AM,8220
4/19/2017 3:55:10 AM,8220
4/19/2017 3:55:10 AM,8220
4/19/2017 3:55:10 AM,8220
4/19/2017 3:55:10 AM,8220
4/19/2017 3:55:10 AM,8220
4/19/2017 3:55:10 AM,8220
4/19/2017 3:55:10 AM,8220
4/19/2017 3:55:10 AM,8220
4/19/2017 3:55:10 AM,8220
4/19/2017 3:55:10 AM,8220
4/19/2017 3:55:10 AM,8220
4/19/2017 3:55:10 AM,8220
4/19/2017 3:55:10 AM,8220
4/19/2017 3:55:10 AM,8220
4/19/2017 3:55:10 AM,8220
4/19/2017 3:55:10 AM,8220
4/19/2017 3:55:10 AM,8220
4/19/2017 3:55:10 AM,8220
4/19/2017 3:55:10 AM,8220
4/19/2017 3:55:10 AM,8220
4/19/2017 3:55:10 AM,8220
4/19/2017 3:55:10 AM,8220
4/19/2017 3:55:10 AM,8220
4/19/2017 3:55:10 AM,8220
4/19/2017 3:55:10 AM,8220
4/19/2017 3:55:10 AM,8220
4/19/2017 3:55:10 AM,8220
4/19/2017 3:55:10 AM,8220
4/19/2017 3:55:10 AM,8220
4/19/2017 3:55:10 AM,8220
4/19/2017 3:55:10 AM,8220
4/19/2017 3:55:10 AM,8220
4/19/2017 3:55:10 AM,8220
4/19/2017 3:55:10 AM,8220
4/19/2017 3:55:10 AM,8220
4/19/2017 3:55:10 AM,8220
4/19/2017 3:55:10 AM,8220
4/19/2017 3:55:10 AM,8220
4/19/2017 3:55:10 AM,8220
4/19/2017 3:55:10 AM,8220
4/19/2017 3:55:10 AM,8220
4/19/2017 3:55:10 AM,8220
4/19/2017 3:55:10 AM,8220
4/19/2017 3:55:10 AM,8220
4/19/2017 3:55:10 AM,8220
4/19/2017 3:55:10 AM,8220
4/19/2017 3:55:10 AM,8220
4/19/2017 3:55:10 AM,8220
4/19/2017 3:55:10 AM,8220
4/19/2017 3:55:10 AM,8220
4/19/2017 3:55:10 AM,8220
4/19/2017 3:55:10 AM,8220
4/19/2017 3:55:10 AM,8220
4/19/2017 3:55:10 AM,8220
4/19/2017 3:55:10 AM,8220
4/19/2017 3:55:10 AM,8220
4/19/2017 3:55:10 AM,8220
4/19/2017 3:55:10 AM,8220
4/19/2017 3:55:10 AM,8220
4/19/2017 3:55:10 AM,8220
4/19/2017 3:55:10 AM,8220
4/19/2017 3:55:10 AM,8220
4/19/2017 3:55:10 AM,8220
4/19/2017 3:55:10 AM,8220
4/19/2017 3:55:10 AM,8220
4/19/2017 3:55:10 AM,8220
4/19/2017 3:55:10 AM,8220
4/19/2017 3:55:10 AM,8220
4/19/2017 3:55:10 AM,8220
4/19/2017 3:55:10 AM,8220
4/19/2017 3:55:10 AM,8220
4/19/2017 3:55:10 AM,8220
4/19/2017 3:55:10 AM,8220
4/19/2017 3:55:10 AM,8220
4/19/2017 3:55:10 AM,8220
4/19/2017 3:55:10 AM,8220
4/19/2017 3:55:10 AM,8220
4/19/2017 3:55:10 AM,8220
4/19/2017 3:55:10 AM,8220
4/19/2017 3:55:10 AM,8220
4/19/2017 3:55:10 AM,8220
4/19/2017 3:55:10 AM,8220
4/19/2017 3:55:10 AM,8220
4/19/2017 3:55:10 AM,8220
4/19/2017 3:55:10 AM,8220
4/19/2017 3:55:10 AM,8220
4/19/2017 3:55:10 AM,8220
4/19/2017 3:55:10 AM,8220
4/19/2017 3:55:10 AM,8220
4/19/2017 3:55:10 AM,8220
4/19/2017 3:55:10 AM,8220
4/19/2017 3:55:10 AM,8220
4/19/2017 3:55:10 AM,8220
4/19/2017 3:55:10 AM,8220
4/19/2017 3:55:10 AM,8220
4/19/2017 3:55:10 AM,8220
4/19/2017 3:55:10 AM,8220
4/19/2017 3:55:10 AM,8220
4/19/2017 3:55:10 AM,8220
4/19/2017 3:55:10 AM,8220
4/19/2017 3:55:10 AM,8220
4/19/2017 3:55:10 AM,8220
4/19/2017 3:55:10 AM,8220
4/19/2017 3:55:10 AM,8220
4/19/2017 3:55:10 AM,8220
4/19/2017 3:55:10 AM,8220
4/19/2017 3:55:10 AM,8220
4/19/2017 3:55:10 AM,8220
4/19/2017 3:55:10 AM,8220
4/19/2017 3:55:10 AM,8220
4/19/2017 3:55:10 AM,8220
4/19/2017 3:55:10 AM,8220
4/19/2017 3:55:10 AM,8220
4/19/2017 3:55:10 AM,8220
4/19/2017 3:55:10 AM,8220
4/19/2017 3:55:10 AM,8220
4/19/2017 3:55:10 AM,8220
4/19/2017 3:55:10 AM,8220
4/19/2017 3:55:10 AM,8220
4/19/2017 3:55:10 AM,8220
4/19/2017 3:55:10 AM,8220
4/19/2017 3:55:10 AM,8220
4/19/2017 3:55:10 AM,8220
4/19/2017 3:55:10 AM,8220
4/19/2017 3:55:12 AM,8220
4/19/2017 3:55:17 AM,8220
4/19/2017 3:56:43 AM,8220
4/19/2017 3:56:48 AM,8220
4/19/2017 3:58:04 AM,8220
4/19/2017 3:58:10 AM,8220
4/19/2017 3:59:45 AM,8220
4/19/2017 4:00:13 AM,8220
4/19/2017 4:00:17 AM,8219
4/19/2017 4:00:42 AM,8219
4/19/2017 4:01:02 AM,8218
4/19/2017 4:01:16 AM,8218
4/19/2017 4:01:56 AM,8218
4/19/2017 4:02:12 AM,8218
4/19/2017 4:03:19 AM,8218
4/19/2017 4:03:49 AM,8218
4/19/2017 4:04:28 AM,8219
4/19/2017 4:04:29 AM,8219
4/19/2017 4:06:07 AM,8219
4/19/2017 4:06:10 AM,8218
4/19/2017 4:06:39 AM,8218
4/19/2017 4:08:22 AM,8218
4/19/2017 4:13:32 AM,8218
4/19/2017 4:15:33 AM,8218
4/19/2017 4:18:00 AM,8219
4/19/2017 4:19:09 AM,8218
4/19/2017 4:20:03 AM,8218
4/19/2017 4:20:47 AM,8219
4/19/2017 4:21:16 AM,8219
4/19/2017 4:23:37 AM,8219
4/19/2017 4:24:01 AM,8219
4/19/2017 4:24:11 AM,8220
4/19/2017 4:24:40 AM,8220
4/19/2017 4:24:41 AM,8220
4/19/2017 4:24:41 AM,8220
4/19/2017 4:24:42 AM,8220
4/19/2017 4:24:42 AM,8220
4/19/2017 4:24:42 AM,8220
4/19/2017 4:24:43 AM,8220
4/19/2017 4:24:44 AM,8220
4/19/2017 4:24:44 AM,8220
4/19/2017 4:24:45 AM,8220
4/19/2017 4:24:45 AM,8220
4/19/2017 4:24:45 AM,8220
4/19/2017 4:24:46 AM,8220
4/19/2017 4:24:46 AM,8220
4/19/2017 4:24:47 AM,8220
4/19/2017 4:24:47 AM,8220
4/19/2017 4:24:47 AM,8220
4/19/2017 4:24:48 AM,8220
4/19/2017 4:24:48 AM,8220
4/19/2017 4:24:49 AM,8220
4/19/2017 4:24:49 AM,8220
4/19/2017 4:24:49 AM,8220
4/19/2017 4:24:50 AM,8220
4/19/2017 4:24:50 AM,8220
4/19/2017 4:24:51 AM,8220
4/19/2017 4:24:51 AM,8220
4/19/2017 4:24:51 AM,8220
4/19/2017 4:24:52 AM,8220
4/19/2017 4:24:52 AM,8220
4/19/2017 4:24:52 AM,8220
4/19/2017 4:24:53 AM,8220
4/19/2017 4:24:53 AM,8220
4/19/2017 4:24:54 AM,8220
4/19/2017 4:24:54 AM,8220
4/19/2017 4:24:54 AM,8220
4/19/2017 4:24:55 AM,8220
4/19/2017 4:24:55 AM,8220
4/19/2017 4:24:56 AM,8220
4/19/2017 4:24:56 AM,8220
4/19/2017 4:24:56 AM,8220
4/19/2017 4:24:57 AM,8220
4/19/2017 4:24:57 AM,8220
4/19/2017 4:24:57 AM,8220
4/19/2017 4:24:58 AM,8220
4/19/2017 4:25:55 AM,8221
4/19/2017 4:27:14 AM,8221
4/19/2017 4:27:14 AM,8221
4/19/2017 4:27:15 AM,8221
4/19/2017 4:27:15 AM,8221
4/19/2017 4:27:15 AM,8221
4/19/2017 4:27:15 AM,8221
4/19/2017 4:27:16 AM,8221
4/19/2017 4:27:16 AM,8221
4/19/2017 4:27:16 AM,8221
4/19/2017 4:27:19 AM,8221
4/19/2017 4:27:19 AM,8221
4/19/2017 4:27:19 AM,8221
4/19/2017 4:27:19 AM,8221
4/19/2017 4:27:20 AM,8221
4/19/2017 4:27:22 AM,8221
4/19/2017 4:27:22 AM,8221
4/19/2017 4:27:22 AM,8221
4/19/2017 4:27:23 AM,8221
4/19/2017 4:27:23 AM,8221
4/19/2017 4:27:23 AM,8221
4/19/2017 4:27:23 AM,8221
4/19/2017 4:27:24 AM,8221
4/19/2017 4:27:24 AM,8221
4/19/2017 4:27:26 AM,8221
4/19/2017 4:27:26 AM,8221
4/19/2017 4:27:27 AM,8221
4/19/2017 4:27:27 AM,8221
4/19/2017 4:27:27 AM,8221
4/19/2017 4:27:29 AM,8221
4/19/2017 4:27:30 AM,8221
4/19/2017 4:27:30 AM,8221
4/19/2017 4:27:30 AM,8221
4/19/2017 4:27:30 AM,8221
4/19/2017 4:27:33 AM,8221
4/19/2017 4:27:33 AM,8221
4/19/2017 4:27:33 AM,8221
4/19/2017 4:29:06 AM,8222
4/19/2017 4:33:04 AM,8223
4/19/2017 4:33:30 AM,8223
4/19/2017 4:35:51 AM,8224
4/19/2017 4:36:35 AM,8224
4/19/2017 4:36:46 AM,8223
4/19/2017 4:37:46 AM,8224
4/19/2017 4:38:17 AM,8224
4/19/2017 4:39:17 AM,8225
4/19/2017 4:40:19 AM,8226
4/19/2017 4:42:13 AM,8226
4/19/2017 4:46:47 AM,8226
4/19/2017 4:50:37 AM,8226
4/19/2017 4:52:09 AM,8226
4/19/2017 4:55:08 AM,8226
4/19/2017 4:56:41 AM,8227
4/19/2017 4:57:34 AM,8227
4/19/2017 5:00:04 AM,8228
4/19/2017 5:01:40 AM,8229
4/19/2017 5:03:31 AM,8230
4/19/2017 5:03:43 AM,8230
4/19/2017 5:05:50 AM,8230
4/19/2017 5:05:58 AM,8229
4/19/2017 5:11:14 AM,8229
4/19/2017 5:11:32 AM,8229
4/19/2017 5:12:12 AM,8229
4/19/2017 5:13:55 AM,8230
4/19/2017 5:17:44 AM,8231
4/19/2017 5:20:14 AM,8231
4/19/2017 5:20:27 AM,8231
4/19/2017 5:21:13 AM,8232
4/19/2017 5:21:18 AM,8233
4/19/2017 5:21:48 AM,8233
4/19/2017 5:23:17 AM,8233
4/19/2017 5:26:23 AM,8233
4/19/2017 5:27:26 AM,8234
4/19/2017 5:28:36 AM,8235
4/19/2017 5:29:28 AM,8235
4/19/2017 5:31:11 AM,8236
4/19/2017 5:32:39 AM,8237
4/19/2017 5:32:56 AM,8237
4/19/2017 5:33:38 AM,8237
4/19/2017 5:33:48 AM,8236
4/19/2017 5:34:04 AM,8237
4/19/2017 5:34:51 AM,8237
4/19/2017 5:36:07 AM,8238
4/19/2017 5:37:20 AM,8238
4/19/2017 5:37:43 AM,8238
4/19/2017 5:37:45 AM,8238
4/19/2017 5:39:06 AM,8239
4/19/2017 5:39:10 AM,8239
4/19/2017 5:39:50 AM,8239
4/19/2017 5:40:44 AM,8238
4/19/2017 5:42:05 AM,8238
4/19/2017 5:42:23 AM,8238
4/19/2017 5:44:10 AM,8238
4/19/2017 5:44:11 AM,8238
4/19/2017 5:44:11 AM,8238
4/19/2017 5:44:12 AM,8238
4/19/2017 5:45:02 AM,8238
4/19/2017 5:48:43 AM,8238
4/19/2017 5:49:38 AM,8238
4/19/2017 5:51:24 AM,8237
4/19/2017 5:51:42 AM,8238
4/19/2017 5:53:37 AM,8239
4/19/2017 5:54:02 AM,8240
4/19/2017 5:55:50 AM,8240
4/19/2017 5:56:24 AM,8240
4/19/2017 5:57:19 AM,8239
4/19/2017 5:59:47 AM,8239
4/19/2017 6:01:38 AM,8238
4/19/2017 6:03:03 AM,8239
4/19/2017 6:03:44 AM,8240
4/19/2017 6:03:59 AM,8241
4/19/2017 6:08:04 AM,8241
4/19/2017 6:08:24 AM,8241
4/19/2017 6:09:48 AM,8241
4/19/2017 6:11:26 AM,8241
4/19/2017 6:12:55 AM,8242
4/19/2017 6:13:54 AM,8242
4/19/2017 6:14:05 AM,8242
4/19/2017 6:14:30 AM,8243
4/19/2017 6:14:43 AM,8242
4/19/2017 6:15:42 AM,8242
4/19/2017 6:16:55 AM,8242
4/19/2017 6:17:10 AM,8242
4/19/2017 6:17:25 AM,8242
4/19/2017 6:18:18 AM,8242
4/19/2017 6:18:45 AM,8242
4/19/2017 6:18:54 AM,8243
4/19/2017 6:19:23 AM,8243
4/19/2017 6:19:31 AM,8243
4/19/2017 6:21:16 AM,8243
4/19/2017 6:21:37 AM,8243
4/19/2017 6:22:10 AM,8244
4/19/2017 6:23:35 AM,8245
4/19/2017 6:23:56 AM,8245
4/19/2017 6:23:58 AM,8244
4/19/2017 6:25:09 AM,8244
4/19/2017 6:26:37 AM,8245
4/19/2017 6:27:03 AM,8246
4/19/2017 6:27:20 AM,8246
4/19/2017 6:27:35 AM,8246
4/19/2017 6:29:27 AM,8246
4/19/2017 6:30:08 AM,8246
4/19/2017 6:30:16 AM,8246
4/19/2017 6:32:56 AM,8247
4/19/2017 6:35:32 AM,8248
4/19/2017 6:36:03 AM,8248
4/19/2017 6:36:22 AM,8248
4/19/2017 6:38:21 AM,8248
4/19/2017 6:38:28 AM,8248
4/19/2017 6:38:32 AM,8249
4/19/2017 6:38:40 AM,8249
4/19/2017 6:38:52 AM,8249
4/19/2017 6:38:56 AM,8249
4/19/2017 6:39:06 AM,8249
4/19/2017 6:39:09 AM,8250
4/19/2017 6:39:57 AM,8251
4/19/2017 6:41:27 AM,8251
4/19/2017 6:47:26 AM,8250
4/19/2017 6:48:31 AM,8250
4/19/2017 6:49:49 AM,8251
4/19/2017 6:54:28 AM,8252
4/19/2017 6:55:53 AM,8253
4/19/2017 6:56:26 AM,8254
4/19/2017 6:59:07 AM,8254
4/19/2017 7:00:31 AM,8255
4/19/2017 7:01:21 AM,8255
4/19/2017 7:02:02 AM,8255
4/19/2017 7:02:07 AM,8254
4/19/2017 7:02:14 AM,8254
4/19/2017 7:03:08 AM,8255
4/19/2017 7:03:52 AM,8256
4/19/2017 7:04:12 AM,8256
4/19/2017 7:04:21 AM,8257
4/19/2017 7:06:59 AM,8257
4/19/2017 7:09:04 AM,8257
4/19/2017 7:10:40 AM,8257
4/19/2017 7:11:10 AM,8257
4/19/2017 7:11:22 AM,8257
4/19/2017 7:14:30 AM,8257
4/19/2017 7:14:41 AM,8257
4/19/2017 7:16:16 AM,8257
4/19/2017 7:16:46 AM,8258
4/19/2017 7:19:37 AM,8258
4/19/2017 7:20:02 AM,8258
4/19/2017 7:20:41 AM,8258
4/19/2017 7:21:45 AM,8259
4/19/2017 7:22:46 AM,8259
4/19/2017 7:22:54 AM,8259
4/19/2017 7:24:03 AM,8259
4/19/2017 7:26:36 AM,8260
4/19/2017 7:29:44 AM,8260
4/19/2017 7:30:31 AM,8260
4/19/2017 7:32:18 AM,8260
4/19/2017 7:34:27 AM,8259
4/19/2017 7:34:31 AM,8260
4/19/2017 7:36:43 AM,8260
4/19/2017 7:36:59 AM,8260
4/19/2017 7:39:27 AM,8260
4/19/2017 7:39:57 AM,8260
4/19/2017 7:41:55 AM,8261
4/19/2017 7:42:10 AM,8262
4/19/2017 7:42:32 AM,8262
4/19/2017 7:42:38 AM,8263
4/19/2017 7:43:13 AM,8263
4/19/2017 7:43:15 AM,8263
4/19/2017 7:43:36 AM,8263
4/19/2017 7:44:25 AM,8263
4/19/2017 7:44:27 AM,8264
4/19/2017 7:44:34 AM,8264
4/19/2017 7:46:12 AM,8264
4/19/2017 7:46:43 AM,8264
4/19/2017 7:46:55 AM,8264
4/19/2017 7:47:11 AM,8265
4/19/2017 7:49:20 AM,8265
4/19/2017 7:49:32 AM,8265
4/19/2017 7:50:35 AM,8265
4/19/2017 7:50:38 AM,8265
4/19/2017 7:50:41 AM,8265
4/19/2017 7:50:54 AM,8265
4/19/2017 7:50:59 AM,8265
4/19/2017 7:51:19 AM,8265
4/19/2017 7:52:09 AM,8265
4/19/2017 7:53:00 AM,8266
4/19/2017 7:53:20 AM,8266
4/19/2017 7:54:20 AM,8267
4/19/2017 7:54:46 AM,8267
4/19/2017 7:55:04 AM,8267
4/19/2017 7:55:33 AM,8267
4/19/2017 7:56:48 AM,8267
4/19/2017 7:57:12 AM,8267
4/19/2017 7:57:59 AM,8267
4/19/2017 7:59:16 AM,8267
4/19/2017 7:59:30 AM,8268
4/19/2017 8:00:22 AM,8269
4/19/2017 8:01:11 AM,8269
4/19/2017 8:01:56 AM,8270
4/19/2017 8:02:41 AM,8270
4/19/2017 8:02:54 AM,8270
4/19/2017 8:05:35 AM,8271
4/19/2017 8:07:05 AM,8272
4/19/2017 8:07:43 AM,8273
4/19/2017 8:08:25 AM,8273
4/19/2017 8:09:31 AM,8272
4/19/2017 8:10:32 AM,8272
4/19/2017 8:11:58 AM,8272
4/19/2017 8:12:07 AM,8272
4/19/2017 8:12:43 AM,8273
4/19/2017 8:13:32 AM,8273
4/19/2017 8:14:03 AM,8273
4/19/2017 8:14:07 AM,8274
4/19/2017 8:14:23 AM,8275
4/19/2017 8:14:39 AM,8276
4/19/2017 8:14:57 AM,8275
4/19/2017 8:16:15 AM,8275
4/19/2017 8:16:27 AM,8275
4/19/2017 8:16:54 AM,8276
4/19/2017 8:16:54 AM,8276
4/19/2017 8:17:23 AM,8276
4/19/2017 8:17:23 AM,8276
4/19/2017 8:17:29 AM,8276
4/19/2017 8:17:29 AM,8276
4/19/2017 8:18:00 AM,8276
4/19/2017 8:18:00 AM,8276
4/19/2017 8:18:02 AM,8276
4/19/2017 8:18:02 AM,8276
4/19/2017 8:18:15 AM,8276
4/19/2017 8:18:15 AM,8276
4/19/2017 8:18:22 AM,8276
4/19/2017 8:18:22 AM,8276
4/19/2017 8:18:26 AM,8276
4/19/2017 8:18:26 AM,8276
4/19/2017 8:18:47 AM,8276
4/19/2017 8:18:47 AM,8276
4/19/2017 8:18:48 AM,8276
4/19/2017 8:18:48 AM,8276
4/19/2017 8:19:22 AM,8276
4/19/2017 8:19:22 AM,8276
4/19/2017 8:20:09 AM,8276
4/19/2017 8:20:09 AM,8276
4/19/2017 8:20:18 AM,8276
4/19/2017 8:20:18 AM,8276
4/19/2017 8:21:38 AM,8276
4/19/2017 8:21:38 AM,8276
4/19/2017 8:21:57 AM,8277
4/19/2017 8:21:57 AM,8277
4/19/2017 8:22:31 AM,8278
4/19/2017 8:22:31 AM,8278
4/19/2017 8:22:34 AM,8279
4/19/2017 8:22:34 AM,8279
4/19/2017 8:23:11 AM,8279
4/19/2017 8:23:11 AM,8279
4/19/2017 8:23:29 AM,8279
4/19/2017 8:23:29 AM,8279
4/19/2017 8:23:35 AM,8279
4/19/2017 8:23:35 AM,8279
4/19/2017 8:24:42 AM,8280
4/19/2017 8:24:42 AM,8280
4/19/2017 8:25:25 AM,8280
4/19/2017 8:25:25 AM,8280
4/19/2017 8:25:39 AM,8280
4/19/2017 8:25:39 AM,8280
4/19/2017 8:29:27 AM,8279
4/19/2017 8:29:27 AM,8279
4/19/2017 8:30:22 AM,8279
4/19/2017 8:30:22 AM,8279
4/19/2017 8:30:58 AM,8279
4/19/2017 8:30:58 AM,8279
4/19/2017 8:32:39 AM,8279
4/19/2017 8:32:39 AM,8279
4/19/2017 8:32:43 AM,8279
4/19/2017 8:32:43 AM,8279
4/19/2017 8:32:53 AM,8279
4/19/2017 8:32:53 AM,8279
4/19/2017 8:33:09 AM,8279
4/19/2017 8:33:09 AM,8279
4/19/2017 8:34:23 AM,8280
4/19/2017 8:34:23 AM,8280
4/19/2017 8:35:28 AM,8280
4/19/2017 8:35:28 AM,8280
4/19/2017 8:36:38 AM,8280
4/19/2017 8:36:38 AM,8280
4/19/2017 8:37:40 AM,8280
4/19/2017 8:37:40 AM,8280
4/19/2017 8:37:57 AM,8280
4/19/2017 8:37:57 AM,8280
4/19/2017 8:38:07 AM,8280
4/19/2017 8:38:07 AM,8280
4/19/2017 8:38:35 AM,8280
4/19/2017 8:38:35 AM,8280
4/19/2017 8:38:56 AM,8280
4/19/2017 8:38:56 AM,8280
4/19/2017 8:39:08 AM,8280
4/19/2017 8:39:08 AM,8280
4/19/2017 8:39:38 AM,8280
4/19/2017 8:39:38 AM,8280
4/19/2017 8:40:30 AM,8280
4/19/2017 8:40:30 AM,8280
4/19/2017 8:41:46 AM,8280
4/19/2017 8:41:46 AM,8280
4/19/2017 8:43:51 AM,8280
4/19/2017 8:43:52 AM,8280
4/19/2017 8:44:29 AM,8281
4/19/2017 8:44:29 AM,8281
4/19/2017 8:45:00 AM,8282
4/19/2017 8:45:00 AM,8282
4/19/2017 8:46:38 AM,8282
4/19/2017 8:46:38 AM,8282
4/19/2017 8:47:13 AM,8282
4/19/2017 8:47:13 AM,8282
4/19/2017 8:47:31 AM,8282
4/19/2017 8:47:31 AM,8282
4/19/2017 8:47:36 AM,8282
4/19/2017 8:47:36 AM,8282
4/19/2017 8:51:43 AM,8283
4/19/2017 8:51:43 AM,8283
4/19/2017 8:51:57 AM,8284
4/19/2017 8:51:57 AM,8284
4/19/2017 8:52:43 AM,8284
4/19/2017 8:52:43 AM,8284
4/19/2017 8:53:21 AM,8284
4/19/2017 8:53:21 AM,8284
4/19/2017 8:54:24 AM,8285
4/19/2017 8:54:25 AM,8285
4/19/2017 8:54:26 AM,8284
4/19/2017 8:54:26 AM,8284
4/19/2017 8:57:48 AM,8284
4/19/2017 8:57:48 AM,8284
4/19/2017 8:57:51 AM,8284
4/19/2017 8:57:51 AM,8284
4/19/2017 8:58:00 AM,8284
4/19/2017 8:58:00 AM,8284
4/19/2017 9:00:01 AM,8284
4/19/2017 9:00:01 AM,8284
4/19/2017 9:00:26 AM,8284
4/19/2017 9:00:26 AM,8284
4/19/2017 9:02:11 AM,8285
4/19/2017 9:02:11 AM,8285
4/19/2017 9:02:35 AM,8285
4/19/2017 9:02:35 AM,8285
4/19/2017 9:02:44 AM,8285
4/19/2017 9:02:44 AM,8285
4/19/2017 9:03:29 AM,8286
4/19/2017 9:03:29 AM,8286
4/19/2017 9:05:27 AM,8286
4/19/2017 9:05:27 AM,8286
4/19/2017 9:06:43 AM,8286
4/19/2017 9:06:43 AM,8286
4/19/2017 9:08:46 AM,8286
4/19/2017 9:08:46 AM,8286
4/19/2017 9:08:49 AM,8286
4/19/2017 9:08:49 AM,8286
4/19/2017 9:09:02 AM,8286
4/19/2017 9:09:02 AM,8286
4/19/2017 9:09:12 AM,8287
4/19/2017 9:09:12 AM,8287
4/19/2017 9:10:52 AM,8288
4/19/2017 9:10:52 AM,8288
4/19/2017 9:11:16 AM,8289
4/19/2017 9:11:16 AM,8289
4/19/2017 9:12:22 AM,8289
4/19/2017 9:12:22 AM,8289
4/19/2017 9:12:53 AM,8290
4/19/2017 9:12:53 AM,8290
4/19/2017 9:13:09 AM,8291
4/19/2017 9:13:09 AM,8291
4/19/2017 9:14:24 AM,8291
4/19/2017 9:14:24 AM,8291
4/19/2017 9:14:27 AM,8291
4/19/2017 9:14:27 AM,8291
4/19/2017 9:14:35 AM,8291
4/19/2017 9:14:35 AM,8291
4/19/2017 9:14:55 AM,8291
4/19/2017 9:14:55 AM,8291
4/19/2017 9:20:46 AM,8292
4/19/2017 9:20:46 AM,8292
4/19/2017 9:22:12 AM,8292
4/19/2017 9:22:13 AM,8292
4/19/2017 9:22:27 AM,8292
4/19/2017 9:22:27 AM,8292
4/19/2017 9:22:59 AM,8292
4/19/2017 9:22:59 AM,8292
4/19/2017 9:23:22 AM,8292
4/19/2017 9:23:22 AM,8292
4/19/2017 9:23:26 AM,8292
4/19/2017 9:23:26 AM,8292
4/19/2017 9:23:46 AM,8292
4/19/2017 9:23:46 AM,8292
4/19/2017 9:23:47 AM,8292
4/19/2017 9:23:47 AM,8292
4/19/2017 9:24:07 AM,8292
4/19/2017 9:24:08 AM,8292
4/19/2017 9:25:07 AM,8292
4/19/2017 9:25:07 AM,8292
4/19/2017 9:27:11 AM,8293
4/19/2017 9:27:11 AM,8293
4/19/2017 9:28:11 AM,8293
4/19/2017 9:28:11 AM,8293
4/19/2017 9:28:12 AM,8293
4/19/2017 9:28:12 AM,8293
4/19/2017 9:31:39 AM,8293
4/19/2017 9:31:39 AM,8293
4/19/2017 9:31:53 AM,8294
4/19/2017 9:31:53 AM,8294
4/19/2017 9:33:15 AM,8295
4/19/2017 9:33:15 AM,8295
4/19/2017 9:33:43 AM,8295
4/19/2017 9:33:43 AM,8295
4/19/2017 9:36:44 AM,8295
4/19/2017 9:36:44 AM,8295
4/19/2017 9:37:48 AM,8295
4/19/2017 9:37:48 AM,8295
4/19/2017 9:37:57 AM,8295
4/19/2017 9:37:57 AM,8295
4/19/2017 9:38:08 AM,8295
4/19/2017 9:38:08 AM,8295
4/19/2017 9:39:21 AM,8295
4/19/2017 9:39:21 AM,8295
4/19/2017 9:39:41 AM,8296
4/19/2017 9:39:41 AM,8296
4/19/2017 9:40:08 AM,8296
4/19/2017 9:40:08 AM,8296
4/19/2017 9:42:29 AM,8296
4/19/2017 9:42:29 AM,8296
4/19/2017 9:42:42 AM,8297
4/19/2017 9:42:42 AM,8297
4/19/2017 9:43:37 AM,8298
4/19/2017 9:43:37 AM,8298
4/19/2017 9:45:49 AM,8298
4/19/2017 9:45:49 AM,8298
4/19/2017 9:47:02 AM,8299
4/19/2017 9:47:02 AM,8299
4/19/2017 9:48:20 AM,8299
4/19/2017 9:48:20 AM,8299
4/19/2017 9:48:52 AM,8299
4/19/2017 9:48:52 AM,8299
4/19/2017 9:49:31 AM,8299
4/19/2017 9:49:31 AM,8299
4/19/2017 9:49:39 AM,8299
4/19/2017 9:49:39 AM,8299
4/19/2017 9:49:49 AM,8299
4/19/2017 9:49:49 AM,8299
4/19/2017 9:49:50 AM,8299
4/19/2017 9:49:50 AM,8299
4/19/2017 9:52:21 AM,8300
4/19/2017 9:52:21 AM,8300
4/19/2017 9:52:42 AM,8301
4/19/2017 9:52:42 AM,8301
4/19/2017 9:55:37 AM,8302
4/19/2017 9:55:37 AM,8302
4/19/2017 9:56:29 AM,8302
4/19/2017 9:56:29 AM,8302
4/19/2017 9:57:18 AM,8302
4/19/2017 9:57:18 AM,8302
4/19/2017 9:57:56 AM,8302
4/19/2017 9:57:56 AM,8302
4/19/2017 9:58:00 AM,8301
4/19/2017 9:58:00 AM,8301
4/19/2017 9:58:43 AM,8302
4/19/2017 9:58:43 AM,8302
4/19/2017 9:58:52 AM,8302
4/19/2017 9:58:52 AM,8302
4/19/2017 9:59:53 AM,8302
4/19/2017 9:59:53 AM,8302
4/19/2017 10:00:13 AM,8302
4/19/2017 10:00:13 AM,8302
4/19/2017 10:01:02 AM,8302
4/19/2017 10:01:02 AM,8302
4/19/2017 10:02:33 AM,8302
4/19/2017 10:02:33 AM,8302
4/19/2017 10:02:35 AM,8303
4/19/2017 10:02:35 AM,8303
4/19/2017 10:03:57 AM,8302
4/19/2017 10:03:57 AM,8302
4/19/2017 10:03:59 AM,8302
4/19/2017 10:03:59 AM,8302
4/19/2017 10:04:16 AM,8302
4/19/2017 10:04:16 AM,8302
4/19/2017 10:04:30 AM,8303
4/19/2017 10:04:30 AM,8303
4/19/2017 10:05:01 AM,8303
4/19/2017 10:05:01 AM,8303
4/19/2017 10:06:22 AM,8302
4/19/2017 10:06:22 AM,8302
4/19/2017 10:09:24 AM,8303
4/19/2017 10:09:24 AM,8303
4/19/2017 10:10:03 AM,8303
4/19/2017 10:10:03 AM,8303
4/19/2017 10:12:50 AM,8303
4/19/2017 10:12:51 AM,8303
4/19/2017 10:12:58 AM,8304
4/19/2017 10:12:58 AM,8304
4/19/2017 10:13:00 AM,8305
4/19/2017 10:13:00 AM,8305
4/19/2017 10:13:16 AM,8306
4/19/2017 10:13:16 AM,8306
4/19/2017 10:13:22 AM,8306
4/19/2017 10:13:22 AM,8306
4/19/2017 10:13:24 AM,8307
4/19/2017 10:13:24 AM,8307
4/19/2017 10:13:35 AM,8307
4/19/2017 10:13:35 AM,8307
4/19/2017 10:14:04 AM,8308
4/19/2017 10:14:04 AM,8308
4/19/2017 10:14:22 AM,8307
4/19/2017 10:14:22 AM,8307
4/19/2017 10:15:16 AM,8307
4/19/2017 10:15:16 AM,8307
4/19/2017 10:15:46 AM,8308
4/19/2017 10:15:46 AM,8308
4/19/2017 10:16:07 AM,8308
4/19/2017 10:16:07 AM,8308
4/19/2017 10:17:54 AM,8308
4/19/2017 10:17:54 AM,8308
4/19/2017 10:18:04 AM,8309
4/19/2017 10:18:04 AM,8309
4/19/2017 10:18:18 AM,8310
4/19/2017 10:18:18 AM,8310
4/19/2017 10:18:34 AM,8311
4/19/2017 10:18:35 AM,8311
4/19/2017 10:19:29 AM,8311
4/19/2017 10:19:29 AM,8311
4/19/2017 10:24:28 AM,8312
4/19/2017 10:24:28 AM,8312
4/19/2017 10:25:13 AM,8313
4/19/2017 10:25:13 AM,8313
4/19/2017 10:25:49 AM,8312
4/19/2017 10:25:49 AM,8312
4/19/2017 10:26:29 AM,8313
4/19/2017 10:26:29 AM,8313
4/19/2017 10:27:40 AM,8314
4/19/2017 10:27:40 AM,8314
4/19/2017 10:29:07 AM,8315
4/19/2017 10:29:07 AM,8315
4/19/2017 10:30:12 AM,8316
4/19/2017 10:30:12 AM,8316
4/19/2017 10:30:30 AM,8317
4/19/2017 10:30:30 AM,8317
4/19/2017 10:32:52 AM,8318
4/19/2017 10:32:52 AM,8318
4/19/2017 10:35:05 AM,8319
4/19/2017 10:35:05 AM,8319
4/19/2017 10:36:09 AM,8318
4/19/2017 10:36:09 AM,8318
4/19/2017 10:38:35 AM,8319
4/19/2017 10:38:35 AM,8319
4/19/2017 10:39:02 AM,8318
4/19/2017 10:39:02 AM,8318
4/19/2017 10:40:30 AM,8319
4/19/2017 10:40:30 AM,8319
4/19/2017 10:41:48 AM,8320
4/19/2017 10:41:48 AM,8320
4/19/2017 10:42:28 AM,8320
4/19/2017 10:42:28 AM,8320
4/19/2017 10:45:39 AM,8320
4/19/2017 10:45:39 AM,8320
4/19/2017 10:46:43 AM,8320
4/19/2017 10:46:43 AM,8320
4/19/2017 10:49:20 AM,8320
4/19/2017 10:49:20 AM,8320
4/19/2017 10:53:45 AM,8320
4/19/2017 10:53:45 AM,8320
4/19/2017 10:56:39 AM,8321
4/19/2017 10:56:39 AM,8321
4/19/2017 11:01:31 AM,8322
4/19/2017 11:01:31 AM,8322
4/19/2017 11:05:19 AM,8322
4/19/2017 11:05:19 AM,8322
4/19/2017 11:05:30 AM,8323
4/19/2017 11:05:30 AM,8323
4/19/2017 11:05:31 AM,8324
4/19/2017 11:05:31 AM,8324
4/19/2017 11:07:13 AM,8323
4/19/2017 11:07:13 AM,8323
4/19/2017 11:08:49 AM,8324
4/19/2017 11:08:49 AM,8324
4/19/2017 11:09:39 AM,8325
4/19/2017 11:09:39 AM,8325
4/19/2017 11:16:25 AM,8326
4/19/2017 11:16:25 AM,8326
4/19/2017 11:17:23 AM,8327
4/19/2017 11:17:23 AM,8327
4/19/2017 11:17:53 AM,8327
4/19/2017 11:17:53 AM,8327
4/19/2017 11:18:18 AM,8327
4/19/2017 11:18:18 AM,8327
4/19/2017 11:22:39 AM,8328
4/19/2017 11:22:39 AM,8328
4/19/2017 11:24:08 AM,8328
4/19/2017 11:24:08 AM,8328
4/19/2017 11:24:36 AM,8328
4/19/2017 11:24:36 AM,8328
4/19/2017 11:26:06 AM,8328
4/19/2017 11:26:06 AM,8328
4/19/2017 11:27:18 AM,8328
4/19/2017 11:27:18 AM,8328
4/19/2017 11:27:37 AM,8328
4/19/2017 11:27:37 AM,8328
4/19/2017 11:32:14 AM,8329
4/19/2017 11:32:14 AM,8329
4/19/2017 11:32:21 AM,8329
4/19/2017 11:32:21 AM,8329
4/19/2017 11:33:53 AM,8329
4/19/2017 11:33:53 AM,8329
4/19/2017 11:34:00 AM,8329
4/19/2017 11:34:00 AM,8329
4/19/2017 11:34:17 AM,8330
4/19/2017 11:34:17 AM,8330
4/19/2017 11:34:38 AM,8331
4/19/2017 11:34:38 AM,8331
4/19/2017 11:35:02 AM,8331
4/19/2017 11:35:02 AM,8331
4/19/2017 11:35:24 AM,8331
4/19/2017 11:35:24 AM,8331
4/19/2017 11:35:29 AM,8331
4/19/2017 11:35:29 AM,8331
4/19/2017 11:35:44 AM,8331
4/19/2017 11:35:44 AM,8331
4/19/2017 11:36:53 AM,8331
4/19/2017 11:36:53 AM,8331
4/19/2017 11:37:27 AM,8331
4/19/2017 11:37:27 AM,8331
4/19/2017 11:37:43 AM,8331
4/19/2017 11:37:43 AM,8331
4/19/2017 11:39:14 AM,8331
4/19/2017 11:39:14 AM,8331
4/19/2017 11:39:45 AM,8331
4/19/2017 11:39:45 AM,8331
4/19/2017 11:40:26 AM,8331
4/19/2017 11:40:26 AM,8331
4/19/2017 11:40:40 AM,8332
4/19/2017 11:40:40 AM,8332
4/19/2017 11:42:18 AM,8332
4/19/2017 11:42:18 AM,8332
4/19/2017 11:44:08 AM,8332
4/19/2017 11:44:08 AM,8332
4/19/2017 11:44:30 AM,8333
4/19/2017 11:44:30 AM,8333
4/19/2017 11:44:37 AM,8333
4/19/2017 11:44:37 AM,8333
4/19/2017 11:45:12 AM,8333
4/19/2017 11:45:12 AM,8333
4/19/2017 11:46:28 AM,8334
4/19/2017 11:46:28 AM,8334
4/19/2017 11:46:37 AM,8335
4/19/2017 11:46:37 AM,8335
4/19/2017 11:46:41 AM,8336
4/19/2017 11:46:41 AM,8336
4/19/2017 11:46:49 AM,8337
4/19/2017 11:46:49 AM,8337
4/19/2017 11:46:55 AM,8338
4/19/2017 11:46:55 AM,8338
4/19/2017 11:47:56 AM,8337
4/19/2017 11:47:56 AM,8337
4/19/2017 11:47:59 AM,8337
4/19/2017 11:48:00 AM,8337
4/19/2017 11:49:58 AM,8338
4/19/2017 11:49:58 AM,8338
4/19/2017 11:50:19 AM,8339
4/19/2017 11:50:19 AM,8339
4/19/2017 11:50:31 AM,8340
4/19/2017 11:50:31 AM,8340
4/19/2017 11:50:49 AM,8341
4/19/2017 11:50:49 AM,8341
4/19/2017 11:51:07 AM,8341
4/19/2017 11:51:07 AM,8341
4/19/2017 11:51:14 AM,8342
4/19/2017 11:51:14 AM,8342
4/19/2017 11:51:25 AM,8343
4/19/2017 11:51:25 AM,8343
4/19/2017 11:52:27 AM,8344
4/19/2017 11:52:27 AM,8344
4/19/2017 11:52:45 AM,8344
4/19/2017 11:52:45 AM,8344
4/19/2017 11:52:48 AM,8344
4/19/2017 11:52:48 AM,8344
4/19/2017 11:52:55 AM,8344
4/19/2017 11:52:55 AM,8344
4/19/2017 11:53:06 AM,8345
4/19/2017 11:53:06 AM,8345
4/19/2017 11:53:37 AM,8346
4/19/2017 11:53:37 AM,8346
4/19/2017 11:54:59 AM,8347
4/19/2017 11:54:59 AM,8347
4/19/2017 11:55:01 AM,8348
4/19/2017 11:55:01 AM,8348
4/19/2017 11:55:15 AM,8349
4/19/2017 11:55:15 AM,8349
4/19/2017 11:55:32 AM,8350
4/19/2017 11:55:32 AM,8350
4/19/2017 11:55:47 AM,8351
4/19/2017 11:55:47 AM,8351
4/19/2017 11:55:53 AM,8352
4/19/2017 11:55:53 AM,8352
4/19/2017 11:55:53 AM,8352
4/19/2017 11:55:53 AM,8352
4/19/2017 11:56:03 AM,8353
4/19/2017 11:56:03 AM,8353
4/19/2017 11:56:18 AM,8354
4/19/2017 11:56:18 AM,8354
4/19/2017 11:58:19 AM,8354
4/19/2017 11:58:19 AM,8354
4/19/2017 11:58:41 AM,8355
4/19/2017 11:58:41 AM,8355
4/19/2017 11:58:50 AM,8356
4/19/2017 11:58:50 AM,8356
4/19/2017 11:58:54 AM,8357
4/19/2017 11:58:54 AM,8357
4/19/2017 12:00:21 PM,8357
4/19/2017 12:00:21 PM,8357
4/19/2017 12:00:33 PM,8358
4/19/2017 12:00:33 PM,8358
4/19/2017 12:00:44 PM,8358
4/19/2017 12:00:44 PM,8358
4/19/2017 12:00:50 PM,8359
4/19/2017 12:00:50 PM,8359
4/19/2017 12:01:33 PM,8360
4/19/2017 12:01:33 PM,8360
4/19/2017 12:01:52 PM,8361
4/19/2017 12:01:52 PM,8361
4/19/2017 12:01:58 PM,8362
4/19/2017 12:01:58 PM,8362
4/19/2017 12:04:05 PM,8363
4/19/2017 12:04:05 PM,8363
4/19/2017 12:04:29 PM,8364
4/19/2017 12:04:29 PM,8364
4/19/2017 12:05:19 PM,8364
4/19/2017 12:05:20 PM,8364
4/19/2017 12:05:31 PM,8365
4/19/2017 12:05:31 PM,8365
4/19/2017 12:05:37 PM,8364
4/19/2017 12:05:37 PM,8364
4/19/2017 12:07:42 PM,8364
4/19/2017 12:07:42 PM,8364
4/19/2017 12:08:44 PM,8364
4/19/2017 12:08:44 PM,8364
4/19/2017 12:08:46 PM,8364
4/19/2017 12:08:46 PM,8364
4/19/2017 12:09:14 PM,8365
4/19/2017 12:09:14 PM,8365
4/19/2017 12:09:37 PM,8366
4/19/2017 12:09:38 PM,8366
4/19/2017 12:09:44 PM,8367
4/19/2017 12:09:44 PM,8367
4/19/2017 12:09:49 PM,8368
4/19/2017 12:09:49 PM,8368
4/19/2017 12:10:04 PM,8369
4/19/2017 12:10:04 PM,8369
4/19/2017 12:10:05 PM,8369
4/19/2017 12:10:05 PM,8369
4/19/2017 12:10:27 PM,8369
4/19/2017 12:10:27 PM,8369
4/19/2017 12:12:37 PM,8369
4/19/2017 12:12:37 PM,8369
4/19/2017 12:14:46 PM,8369
4/19/2017 12:14:46 PM,8369
4/19/2017 12:17:50 PM,8369
4/19/2017 12:17:50 PM,8369
4/19/2017 12:22:12 PM,8369
4/19/2017 12:22:12 PM,8369
4/19/2017 12:23:23 PM,8369
4/19/2017 12:23:23 PM,8369
4/19/2017 12:23:48 PM,8369
4/19/2017 12:23:48 PM,8369
4/19/2017 12:23:50 PM,8370
4/19/2017 12:23:50 PM,8370
4/19/2017 12:23:52 PM,8370
4/19/2017 12:23:52 PM,8370
4/19/2017 12:24:18 PM,8371
4/19/2017 12:24:18 PM,8371
4/19/2017 12:24:29 PM,8371
4/19/2017 12:24:29 PM,8371
4/19/2017 12:24:31 PM,8371
4/19/2017 12:24:31 PM,8371
4/19/2017 12:25:58 PM,8372
4/19/2017 12:25:58 PM,8372
4/19/2017 12:26:12 PM,8372
4/19/2017 12:26:12 PM,8372
4/19/2017 12:26:17 PM,8372
4/19/2017 12:26:17 PM,8372
4/19/2017 12:26:54 PM,8372
4/19/2017 12:26:54 PM,8372
4/19/2017 12:26:56 PM,8372
4/19/2017 12:26:56 PM,8372
4/19/2017 12:27:39 PM,8373
4/19/2017 12:27:39 PM,8373
4/19/2017 12:27:41 PM,8373
4/19/2017 12:27:41 PM,8373
4/19/2017 12:28:42 PM,8373
4/19/2017 12:28:42 PM,8373
4/19/2017 12:28:59 PM,8374
4/19/2017 12:28:59 PM,8374
4/19/2017 12:29:14 PM,8374
4/19/2017 12:29:14 PM,8374
4/19/2017 12:30:22 PM,8374
4/19/2017 12:30:22 PM,8374
4/19/2017 12:31:49 PM,8375
4/19/2017 12:31:49 PM,8375
4/19/2017 12:33:12 PM,8375
4/19/2017 12:33:12 PM,8375
4/19/2017 12:35:04 PM,8375
4/19/2017 12:35:04 PM,8375
4/19/2017 12:35:14 PM,8375
4/19/2017 12:35:14 PM,8375
4/19/2017 12:35:31 PM,8375
4/19/2017 12:35:31 PM,8375
4/19/2017 12:35:38 PM,8375
4/19/2017 12:35:38 PM,8375
4/19/2017 12:38:00 PM,8376
4/19/2017 12:38:00 PM,8376
4/19/2017 12:39:01 PM,8377
4/19/2017 12:39:01 PM,8377
4/19/2017 12:39:32 PM,8378
4/19/2017 12:39:32 PM,8378
4/19/2017 12:39:35 PM,8378
4/19/2017 12:39:35 PM,8378
4/19/2017 12:40:09 PM,8379
4/19/2017 12:40:09 PM,8379
4/19/2017 12:40:44 PM,8380
4/19/2017 12:40:44 PM,8380
4/19/2017 12:41:28 PM,8381
4/19/2017 12:41:28 PM,8381
4/19/2017 12:42:08 PM,8382
4/19/2017 12:42:08 PM,8382
4/19/2017 12:43:40 PM,8383
4/19/2017 12:43:40 PM,8383
4/19/2017 12:45:11 PM,8383
4/19/2017 12:45:11 PM,8383
4/19/2017 12:45:12 PM,8384
4/19/2017 12:45:12 PM,8384
4/19/2017 12:45:35 PM,8384
4/19/2017 12:45:36 PM,8384
4/19/2017 12:45:43 PM,8384
4/19/2017 12:45:43 PM,8384
4/19/2017 12:48:06 PM,8384
4/19/2017 12:48:06 PM,8384
4/19/2017 12:49:25 PM,8384
4/19/2017 12:49:25 PM,8384
4/19/2017 12:53:44 PM,8384
4/19/2017 12:53:44 PM,8384
4/19/2017 12:54:00 PM,8384
4/19/2017 12:54:00 PM,8384
4/19/2017 12:56:13 PM,8384
4/19/2017 12:56:13 PM,8384
4/19/2017 12:57:04 PM,8383
4/19/2017 12:57:04 PM,8383
4/19/2017 12:58:01 PM,8383
4/19/2017 12:58:01 PM,8383
4/19/2017 12:58:11 PM,8383
4/19/2017 12:58:11 PM,8383
4/19/2017 1:01:25 PM,8384
4/19/2017 1:01:25 PM,8384
4/19/2017 1:01:35 PM,8384
4/19/2017 1:01:35 PM,8384
4/19/2017 1:02:24 PM,8384
4/19/2017 1:02:24 PM,8384
4/19/2017 1:04:03 PM,8384
4/19/2017 1:04:03 PM,8384
4/19/2017 1:04:55 PM,8384
4/19/2017 1:04:55 PM,8384
4/19/2017 1:07:14 PM,8385
4/19/2017 1:07:14 PM,8385
4/19/2017 1:08:16 PM,8385
4/19/2017 1:08:16 PM,8385
4/19/2017 1:08:22 PM,8384
4/19/2017 1:08:22 PM,8384
4/19/2017 1:09:00 PM,8384
4/19/2017 1:09:00 PM,8384
4/19/2017 1:09:17 PM,8384
4/19/2017 1:09:17 PM,8384
4/19/2017 1:09:42 PM,8384
4/19/2017 1:09:42 PM,8384
4/19/2017 1:10:41 PM,8384
4/19/2017 1:10:41 PM,8384
4/19/2017 1:14:10 PM,8384
4/19/2017 1:14:10 PM,8384
4/19/2017 1:16:36 PM,8384
4/19/2017 1:16:36 PM,8384
4/19/2017 1:16:44 PM,8384
4/19/2017 1:16:44 PM,8384
4/19/2017 1:16:55 PM,8384
4/19/2017 1:16:55 PM,8384
4/19/2017 1:17:41 PM,8385
4/19/2017 1:17:41 PM,8385
4/19/2017 1:17:43 PM,8386
4/19/2017 1:17:43 PM,8386
4/19/2017 1:18:09 PM,8386
4/19/2017 1:18:09 PM,8386
4/19/2017 1:18:18 PM,8387
4/19/2017 1:18:18 PM,8387
4/19/2017 1:18:35 PM,8387
4/19/2017 1:18:35 PM,8387
4/19/2017 1:20:08 PM,8388
4/19/2017 1:20:08 PM,8388
4/19/2017 1:20:18 PM,8389
4/19/2017 1:20:18 PM,8389
4/19/2017 1:20:37 PM,8389
4/19/2017 1:20:37 PM,8389
4/19/2017 1:21:31 PM,8388
4/19/2017 1:21:31 PM,8388
4/19/2017 1:21:38 PM,8388
4/19/2017 1:21:38 PM,8388
4/19/2017 1:21:45 PM,8388
4/19/2017 1:21:45 PM,8388
4/19/2017 1:22:49 PM,8389
4/19/2017 1:22:49 PM,8389
4/19/2017 1:23:07 PM,8389
4/19/2017 1:23:07 PM,8389
4/19/2017 1:23:38 PM,8389
4/19/2017 1:23:38 PM,8389
4/19/2017 1:24:11 PM,8389
4/19/2017 1:24:11 PM,8389
4/19/2017 1:26:27 PM,8389
4/19/2017 1:26:27 PM,8389
4/19/2017 1:28:14 PM,8389
4/19/2017 1:28:14 PM,8389
4/19/2017 1:29:30 PM,8390
4/19/2017 1:29:30 PM,8390
4/19/2017 1:29:46 PM,8390
4/19/2017 1:29:46 PM,8390
4/19/2017 1:30:05 PM,8389
4/19/2017 1:30:05 PM,8389
4/19/2017 1:30:12 PM,8389
4/19/2017 1:30:12 PM,8389
4/19/2017 1:30:34 PM,8389
4/19/2017 1:30:34 PM,8389
4/19/2017 1:33:46 PM,8390
4/19/2017 1:33:46 PM,8390
4/19/2017 1:36:27 PM,8390
4/19/2017 1:36:27 PM,8390
4/19/2017 1:37:02 PM,8390
4/19/2017 1:37:02 PM,8390
4/19/2017 1:37:16 PM,8390
4/19/2017 1:37:16 PM,8390
4/19/2017 1:37:40 PM,8390
4/19/2017 1:37:40 PM,8390
4/19/2017 1:39:21 PM,8389
4/19/2017 1:39:21 PM,8389
4/19/2017 1:42:56 PM,8390
4/19/2017 1:42:56 PM,8390
4/19/2017 1:45:56 PM,8390
4/19/2017 1:45:56 PM,8390
4/19/2017 1:46:14 PM,8389
4/19/2017 1:46:14 PM,8389
4/19/2017 1:48:03 PM,8389
4/19/2017 1:48:03 PM,8389
4/19/2017 1:51:03 PM,8389
4/19/2017 1:51:03 PM,8389
4/19/2017 1:51:08 PM,8388
4/19/2017 1:51:08 PM,8388
4/19/2017 1:51:21 PM,8387
4/19/2017 1:51:21 PM,8387
4/19/2017 1:52:04 PM,8387
4/19/2017 1:52:04 PM,8387
4/19/2017 1:53:47 PM,8387
4/19/2017 1:53:47 PM,8387
4/19/2017 1:54:31 PM,8388
4/19/2017 1:54:31 PM,8388
4/19/2017 1:56:59 PM,8389
4/19/2017 1:56:59 PM,8389
4/19/2017 1:59:17 PM,8389
4/19/2017 1:59:17 PM,8389
4/19/2017 1:59:32 PM,8390
4/19/2017 1:59:32 PM,8390
4/19/2017 2:00:40 PM,8391
4/19/2017 2:00:40 PM,8391
4/19/2017 2:01:07 PM,8390
4/19/2017 2:01:07 PM,8390
4/19/2017 2:06:50 PM,8390
4/19/2017 2:06:50 PM,8390
4/19/2017 2:07:32 PM,8391
4/19/2017 2:07:32 PM,8391
4/19/2017 2:10:06 PM,8391
4/19/2017 2:10:06 PM,8391
4/19/2017 2:11:17 PM,8391
4/19/2017 2:11:17 PM,8391
4/19/2017 2:14:01 PM,8391
4/19/2017 2:14:01 PM,8391
4/19/2017 2:15:03 PM,8391
4/19/2017 2:15:03 PM,8391
4/19/2017 2:15:29 PM,8391
4/19/2017 2:15:29 PM,8391
4/19/2017 2:16:02 PM,8391
4/19/2017 2:16:02 PM,8391
4/19/2017 2:19:16 PM,8391
4/19/2017 2:19:16 PM,8391
4/19/2017 2:20:07 PM,8391
4/19/2017 2:20:07 PM,8391
4/19/2017 2:23:51 PM,8391
4/19/2017 2:23:51 PM,8391
4/19/2017 2:23:53 PM,8391
4/19/2017 2:23:53 PM,8391
4/19/2017 2:24:05 PM,8391
4/19/2017 2:24:05 PM,8391
4/19/2017 2:24:34 PM,8391
4/19/2017 2:24:34 PM,8391
4/19/2017 2:25:54 PM,8392
4/19/2017 2:25:54 PM,8392
4/19/2017 2:26:03 PM,8393
4/19/2017 2:26:03 PM,8393
4/19/2017 2:27:33 PM,8393
4/19/2017 2:27:33 PM,8393
4/19/2017 2:29:06 PM,8393
4/19/2017 2:29:06 PM,8393
4/19/2017 2:29:44 PM,8393
4/19/2017 2:29:44 PM,8393
4/19/2017 2:31:17 PM,8393
4/19/2017 2:31:17 PM,8393
4/19/2017 2:32:19 PM,8392
4/19/2017 2:32:19 PM,8392
4/19/2017 2:32:31 PM,8392
4/19/2017 2:32:31 PM,8392
4/19/2017 2:32:56 PM,8392
4/19/2017 2:32:56 PM,8392
4/19/2017 2:33:03 PM,8392
4/19/2017 2:33:03 PM,8392
4/19/2017 2:33:12 PM,8392
4/19/2017 2:33:12 PM,8392
4/19/2017 2:35:03 PM,8393
4/19/2017 2:35:03 PM,8393
4/19/2017 2:35:35 PM,8393
4/19/2017 2:35:35 PM,8393
4/19/2017 2:36:37 PM,8393
4/19/2017 2:36:37 PM,8393
4/19/2017 2:37:23 PM,8394
4/19/2017 2:37:23 PM,8394
4/19/2017 2:40:12 PM,8393
4/19/2017 2:40:12 PM,8393
4/19/2017 2:40:44 PM,8393
4/19/2017 2:40:44 PM,8393
4/19/2017 2:40:57 PM,8394
4/19/2017 2:40:57 PM,8394
4/19/2017 2:41:33 PM,8393
4/19/2017 2:41:33 PM,8393
4/19/2017 2:41:41 PM,8394
4/19/2017 2:41:41 PM,8394
4/19/2017 2:42:02 PM,8394
4/19/2017 2:42:02 PM,8394
4/19/2017 2:42:47 PM,8394
4/19/2017 2:42:47 PM,8394
4/19/2017 2:42:50 PM,8394
4/19/2017 2:42:50 PM,8394
4/19/2017 2:43:02 PM,8394
4/19/2017 2:43:02 PM,8394
4/19/2017 2:47:48 PM,8395
4/19/2017 2:47:48 PM,8395
4/19/2017 2:48:01 PM,8395
4/19/2017 2:48:01 PM,8395
4/19/2017 2:48:24 PM,8395
4/19/2017 2:48:24 PM,8395
4/19/2017 2:48:44 PM,8395
4/19/2017 2:48:44 PM,8395
4/19/2017 2:51:20 PM,8395
4/19/2017 2:51:20 PM,8395
4/19/2017 2:55:00 PM,8395
4/19/2017 2:55:00 PM,8395
4/19/2017 2:56:38 PM,8395
4/19/2017 2:56:38 PM,8395
4/19/2017 2:57:01 PM,8396
4/19/2017 2:57:01 PM,8396
4/19/2017 2:59:39 PM,8396
4/19/2017 2:59:39 PM,8396
4/19/2017 3:00:05 PM,8396
4/19/2017 3:00:05 PM,8396
4/19/2017 3:00:31 PM,8397
4/19/2017 3:00:31 PM,8397
4/19/2017 3:05:13 PM,8398
4/19/2017 3:05:13 PM,8398
4/19/2017 3:05:32 PM,8399
4/19/2017 3:05:32 PM,8399
4/19/2017 3:08:31 PM,8399
4/19/2017 3:08:31 PM,8399
4/19/2017 3:08:55 PM,8399
4/19/2017 3:08:55 PM,8399
4/19/2017 3:10:08 PM,8400
4/19/2017 3:10:08 PM,8400
4/19/2017 3:11:00 PM,8399
4/19/2017 3:11:00 PM,8399
4/19/2017 3:13:27 PM,8399
4/19/2017 3:13:27 PM,8399
4/19/2017 3:13:37 PM,8399
4/19/2017 3:13:37 PM,8399
4/19/2017 3:13:39 PM,8399
4/19/2017 3:13:39 PM,8399
4/19/2017 3:13:53 PM,8400
4/19/2017 3:13:53 PM,8400
4/19/2017 3:16:52 PM,8400
4/19/2017 3:16:52 PM,8400
4/19/2017 3:20:14 PM,8401
4/19/2017 3:20:14 PM,8401
4/19/2017 3:21:16 PM,8401
4/19/2017 3:21:16 PM,8401
4/19/2017 3:21:24 PM,8401
4/19/2017 3:21:24 PM,8401
4/19/2017 3:21:38 PM,8401
4/19/2017 3:21:38 PM,8401
4/19/2017 3:21:59 PM,8401
4/19/2017 3:21:59 PM,8401
4/19/2017 3:22:51 PM,8401
4/19/2017 3:22:51 PM,8401
4/19/2017 3:27:13 PM,8402
4/19/2017 3:27:13 PM,8402
4/19/2017 3:28:02 PM,8402
4/19/2017 3:28:02 PM,8402
4/19/2017 3:29:40 PM,8403
4/19/2017 3:29:41 PM,8403
4/19/2017 3:29:50 PM,8403
4/19/2017 3:29:50 PM,8403
4/19/2017 3:30:43 PM,8402
4/19/2017 3:30:43 PM,8402
4/19/2017 3:30:51 PM,8401
4/19/2017 3:30:51 PM,8401
4/19/2017 3:32:54 PM,8401
4/19/2017 3:32:54 PM,8401
4/19/2017 3:33:58 PM,8402
4/19/2017 3:33:58 PM,8402
4/19/2017 3:34:45 PM,8402
4/19/2017 3:34:45 PM,8402
4/19/2017 3:34:49 PM,8402
4/19/2017 3:34:49 PM,8402
4/19/2017 3:35:39 PM,8402
4/19/2017 3:35:39 PM,8402
4/19/2017 3:36:14 PM,8403
4/19/2017 3:36:14 PM,8403
4/19/2017 3:37:09 PM,8404
4/19/2017 3:37:09 PM,8404
4/19/2017 3:37:28 PM,8404
4/19/2017 3:37:28 PM,8404
4/19/2017 3:37:51 PM,8404
4/19/2017 3:37:51 PM,8404
4/19/2017 3:38:43 PM,8405
4/19/2017 3:38:43 PM,8405
4/19/2017 3:39:46 PM,8406
4/19/2017 3:39:46 PM,8406
4/19/2017 3:39:57 PM,8407
4/19/2017 3:39:57 PM,8407
4/19/2017 3:42:11 PM,8408
4/19/2017 3:42:11 PM,8408
4/19/2017 3:45:54 PM,8409
4/19/2017 3:45:54 PM,8409
4/19/2017 3:47:03 PM,8410
4/19/2017 3:47:03 PM,8410
4/19/2017 3:47:08 PM,8411
4/19/2017 3:47:08 PM,8411
4/19/2017 3:48:25 PM,8412
4/19/2017 3:48:25 PM,8412
4/19/2017 3:49:37 PM,8413
4/19/2017 3:49:37 PM,8413
4/19/2017 3:52:13 PM,8412
4/19/2017 3:52:13 PM,8412
4/19/2017 3:55:44 PM,8412
4/19/2017 3:55:44 PM,8412
4/19/2017 3:56:19 PM,8412
4/19/2017 3:56:19 PM,8412
4/19/2017 3:56:35 PM,8412
4/19/2017 3:56:35 PM,8412
4/19/2017 3:56:37 PM,8412
4/19/2017 3:56:37 PM,8412
4/19/2017 3:58:50 PM,8412
4/19/2017 3:58:50 PM,8412
4/19/2017 4:00:15 PM,8411
4/19/2017 4:00:15 PM,8411
4/19/2017 4:00:22 PM,8410
4/19/2017 4:00:22 PM,8410
4/19/2017 4:00:28 PM,8409
4/19/2017 4:00:28 PM,8409
4/19/2017 4:02:50 PM,8410
4/19/2017 4:02:50 PM,8410
4/19/2017 4:03:30 PM,8410
4/19/2017 4:03:30 PM,8410
4/19/2017 4:05:24 PM,8411
4/19/2017 4:05:24 PM,8411
4/19/2017 4:07:52 PM,8410
4/19/2017 4:07:52 PM,8410
4/19/2017 4:10:13 PM,8410
4/19/2017 4:10:13 PM,8410
4/19/2017 4:14:00 PM,8410
4/19/2017 4:14:00 PM,8410
4/19/2017 4:16:03 PM,8411
4/19/2017 4:16:03 PM,8411
4/19/2017 4:16:52 PM,8411
4/19/2017 4:16:52 PM,8411
4/19/2017 4:18:01 PM,8411
4/19/2017 4:18:01 PM,8411
4/19/2017 4:18:10 PM,8412
4/19/2017 4:18:10 PM,8412
4/19/2017 4:18:14 PM,8412
4/19/2017 4:18:14 PM,8412
4/19/2017 4:20:52 PM,8413
4/19/2017 4:20:52 PM,8413
4/19/2017 4:21:51 PM,8413
4/19/2017 4:21:51 PM,8413
4/19/2017 4:22:29 PM,8414
4/19/2017 4:22:29 PM,8414
4/19/2017 4:22:44 PM,8414
4/19/2017 4:22:44 PM,8414
4/19/2017 4:22:44 PM,8414
4/19/2017 4:22:44 PM,8414
4/19/2017 4:25:42 PM,8414
4/19/2017 4:25:42 PM,8414
4/19/2017 4:26:00 PM,8414
4/19/2017 4:26:00 PM,8414
4/19/2017 4:26:52 PM,8414
4/19/2017 4:26:52 PM,8414
4/19/2017 4:28:57 PM,8414
4/19/2017 4:28:57 PM,8414
4/19/2017 4:30:16 PM,8414
4/19/2017 4:30:16 PM,8414
4/19/2017 4:30:21 PM,8414
4/19/2017 4:30:21 PM,8414
4/19/2017 4:35:34 PM,8414
4/19/2017 4:35:34 PM,8414
4/19/2017 4:38:08 PM,8414
4/19/2017 4:38:08 PM,8414
4/19/2017 4:38:28 PM,8414
4/19/2017 4:38:28 PM,8414
4/19/2017 4:38:42 PM,8414
4/19/2017 4:38:42 PM,8414
4/19/2017 4:40:02 PM,8414
4/19/2017 4:40:02 PM,8414
4/19/2017 4:40:17 PM,8414
4/19/2017 4:40:17 PM,8414
4/19/2017 4:40:54 PM,8414
4/19/2017 4:40:54 PM,8414
4/19/2017 4:41:06 PM,8415
4/19/2017 4:41:06 PM,8415
4/19/2017 4:41:10 PM,8415
4/19/2017 4:41:10 PM,8415
4/19/2017 4:42:33 PM,8416
4/19/2017 4:42:33 PM,8416
4/19/2017 4:44:07 PM,8417
4/19/2017 4:44:07 PM,8417
4/19/2017 4:44:40 PM,8416
4/19/2017 4:44:40 PM,8416
4/19/2017 4:45:23 PM,8416
4/19/2017 4:45:23 PM,8416
4/19/2017 4:45:31 PM,8415
4/19/2017 4:45:31 PM,8415
4/19/2017 4:48:28 PM,8415
4/19/2017 4:48:28 PM,8415
4/19/2017 4:48:54 PM,8416
4/19/2017 4:48:54 PM,8416
4/19/2017 4:49:13 PM,8416
4/19/2017 4:49:13 PM,8416
4/19/2017 4:50:04 PM,8416
4/19/2017 4:50:04 PM,8416
4/19/2017 4:51:43 PM,8416
4/19/2017 4:51:43 PM,8416
4/19/2017 4:52:01 PM,8416
4/19/2017 4:52:01 PM,8416
4/19/2017 4:52:20 PM,8416
4/19/2017 4:52:20 PM,8416
4/19/2017 4:53:37 PM,8416
4/19/2017 4:53:37 PM,8416
4/19/2017 4:54:02 PM,8417
4/19/2017 4:54:02 PM,8417
4/19/2017 4:54:18 PM,8417
4/19/2017 4:54:18 PM,8417
4/19/2017 4:54:44 PM,8418
4/19/2017 4:54:44 PM,8418
4/19/2017 4:55:28 PM,8418
4/19/2017 4:55:28 PM,8418
4/19/2017 4:57:51 PM,8419
4/19/2017 4:57:51 PM,8419
4/19/2017 4:59:12 PM,8418
4/19/2017 4:59:12 PM,8418
4/19/2017 4:59:33 PM,8419
4/19/2017 4:59:33 PM,8419
4/19/2017 5:01:58 PM,8419
4/19/2017 5:01:58 PM,8419
4/19/2017 5:02:05 PM,8420
4/19/2017 5:02:05 PM,8420
4/19/2017 5:02:17 PM,8420
4/19/2017 5:02:17 PM,8420
4/19/2017 5:03:34 PM,8420
4/19/2017 5:03:34 PM,8420
4/19/2017 5:04:37 PM,8421
4/19/2017 5:04:37 PM,8421
4/19/2017 5:05:33 PM,8422
4/19/2017 5:05:33 PM,8422
4/19/2017 5:06:23 PM,8422
4/19/2017 5:06:23 PM,8422
4/19/2017 5:07:18 PM,8421
4/19/2017 5:07:18 PM,8421
4/19/2017 5:07:23 PM,8421
4/19/2017 5:07:23 PM,8421
4/19/2017 5:07:30 PM,8420
4/19/2017 5:07:30 PM,8420
4/19/2017 5:07:36 PM,8421
4/19/2017 5:07:36 PM,8421
4/19/2017 5:08:31 PM,8420
4/19/2017 5:08:31 PM,8420
4/19/2017 5:12:14 PM,8420
4/19/2017 5:12:14 PM,8420
4/19/2017 5:13:17 PM,8420
4/19/2017 5:13:17 PM,8420
4/19/2017 5:13:27 PM,8420
4/19/2017 5:13:27 PM,8420
4/19/2017 5:14:01 PM,8420
4/19/2017 5:14:01 PM,8420
4/19/2017 5:14:03 PM,8420
4/19/2017 5:14:03 PM,8420
4/19/2017 5:14:18 PM,8420
4/19/2017 5:14:18 PM,8420
4/19/2017 5:16:34 PM,8421
4/19/2017 5:16:34 PM,8421
4/19/2017 5:16:59 PM,8421
4/19/2017 5:16:59 PM,8421
4/19/2017 5:17:27 PM,8421
4/19/2017 5:17:27 PM,8421
4/19/2017 5:18:15 PM,8421
4/19/2017 5:18:15 PM,8421
4/19/2017 5:19:15 PM,8421
4/19/2017 5:19:15 PM,8421
4/19/2017 5:19:50 PM,8422
4/19/2017 5:19:50 PM,8422
4/19/2017 5:20:17 PM,8421
4/19/2017 5:20:17 PM,8421
4/19/2017 5:23:26 PM,8421
4/19/2017 5:23:26 PM,8421
4/19/2017 5:23:44 PM,8421
4/19/2017 5:23:44 PM,8421
4/19/2017 5:25:18 PM,8420
4/19/2017 5:25:18 PM,8420
4/19/2017 5:26:02 PM,8420
4/19/2017 5:26:02 PM,8420
4/19/2017 5:26:46 PM,8420
4/19/2017 5:26:46 PM,8420
4/19/2017 5:26:50 PM,8420
4/19/2017 5:26:50 PM,8420
4/19/2017 5:29:22 PM,8420
4/19/2017 5:29:22 PM,8420
4/19/2017 5:30:46 PM,8420
4/19/2017 5:30:46 PM,8420
4/19/2017 5:31:54 PM,8419
4/19/2017 5:31:54 PM,8419
4/19/2017 5:32:13 PM,8419
4/19/2017 5:32:13 PM,8419
4/19/2017 5:36:17 PM,8419
4/19/2017 5:36:17 PM,8419
4/19/2017 5:37:02 PM,8419
4/19/2017 5:37:02 PM,8419
4/19/2017 5:38:34 PM,8420
4/19/2017 5:38:34 PM,8420
4/19/2017 5:40:15 PM,8419
4/19/2017 5:40:15 PM,8419
4/19/2017 5:41:19 PM,8418
4/19/2017 5:41:19 PM,8418
4/19/2017 5:41:58 PM,8418
4/19/2017 5:41:58 PM,8418
4/19/2017 5:42:10 PM,8418
4/19/2017 5:42:10 PM,8418
4/19/2017 5:42:30 PM,8418
4/19/2017 5:42:30 PM,8418
4/19/2017 5:45:10 PM,8419
4/19/2017 5:45:10 PM,8419
4/19/2017 5:45:46 PM,8418
4/19/2017 5:45:46 PM,8418
4/19/2017 5:45:52 PM,8419
4/19/2017 5:45:52 PM,8419
4/19/2017 5:47:55 PM,8419
4/19/2017 5:47:55 PM,8419
4/19/2017 5:48:25 PM,8420
4/19/2017 5:48:25 PM,8420
4/19/2017 5:49:58 PM,8421
4/19/2017 5:49:58 PM,8421
4/19/2017 5:53:03 PM,8420
4/19/2017 5:53:03 PM,8420
4/19/2017 5:53:43 PM,8420
4/19/2017 5:53:43 PM,8420
4/19/2017 5:55:50 PM,8420
4/19/2017 5:55:50 PM,8420
4/19/2017 5:56:00 PM,8421
4/19/2017 5:56:00 PM,8421
4/19/2017 5:56:33 PM,8422
4/19/2017 5:56:33 PM,8422
4/19/2017 5:57:24 PM,8422
4/19/2017 5:57:24 PM,8422
4/19/2017 5:59:32 PM,8423
4/19/2017 5:59:32 PM,8423
4/19/2017 6:00:19 PM,8424
4/19/2017 6:00:19 PM,8424
4/19/2017 6:02:01 PM,8424
4/19/2017 6:02:01 PM,8424
4/19/2017 6:03:27 PM,8424
4/19/2017 6:03:27 PM,8424
4/19/2017 6:03:39 PM,8425
4/19/2017 6:03:39 PM,8425
4/19/2017 6:06:12 PM,8424
4/19/2017 6:06:12 PM,8424
4/19/2017 6:06:28 PM,8425
4/19/2017 6:06:28 PM,8425
4/19/2017 6:08:52 PM,8426
4/19/2017 6:08:52 PM,8426
4/19/2017 6:09:59 PM,8427
4/19/2017 6:09:59 PM,8427
4/19/2017 6:11:33 PM,8427
4/19/2017 6:11:33 PM,8427
4/19/2017 6:12:41 PM,8427
4/19/2017 6:12:41 PM,8427
4/19/2017 6:12:59 PM,8427
4/19/2017 6:12:59 PM,8427
4/19/2017 6:14:01 PM,8428
4/19/2017 6:14:01 PM,8428
4/19/2017 6:18:24 PM,8428
4/19/2017 6:18:24 PM,8428
4/19/2017 6:20:20 PM,8429
4/19/2017 6:20:20 PM,8429
4/19/2017 6:20:52 PM,8429
4/19/2017 6:20:52 PM,8429
4/19/2017 6:26:16 PM,8430
4/19/2017 6:26:16 PM,8430
4/19/2017 6:28:29 PM,8430
4/19/2017 6:28:29 PM,8430
4/19/2017 6:28:46 PM,8431
4/19/2017 6:28:46 PM,8431
4/19/2017 6:30:08 PM,8431
4/19/2017 6:30:08 PM,8431
4/19/2017 6:32:28 PM,8432
4/19/2017 6:32:28 PM,8432
4/19/2017 6:35:14 PM,8432
4/19/2017 6:35:14 PM,8432
4/19/2017 6:51:11 PM,8431
4/19/2017 6:51:46 PM,8431
4/19/2017 6:52:21 PM,8432
4/19/2017 6:55:08 PM,8433
4/19/2017 6:55:27 PM,8434
4/19/2017 6:55:32 PM,8435
4/19/2017 6:55:57 PM,8434
